ticker,source_symbol,statement_date,ev_source,market_cap,ebit,enterprise_value,current_assets,current_liabilities,net_ppe,roic,debt_to_ebitda
4C,4C.ST,2025-12-31,reported_enterprise_value,270425440.0,-12045000.0,432019232.0,227265000.0,204985000.0,41110000.0,,4.26481
8TRA,8TRA.ST,2025-12-31,reported_enterprise_value,189499998208.0,2680000000.0,218493992960.0,23183000000.0,24655000000.0,15379000000.0,,4.692521
AAC,AAC.ST,2025-12-31,reported_enterprise_value,843512832.0,-47824000.0,683531200.0,142929000.0,154914000.0,104467000.0,,2.326891
AAK,AAK.ST,2025-12-31,reported_enterprise_value,47357628416.0,4686000000.0,52156379136.0,21411000000.0,10763000000.0,8308000000.0,,0.886853
ABAS,ABAS.ST,2025-12-31,reported_enterprise_value,62170384.0,-2734000.0,91082384.0,41616000.0,24180000.0,36664000.0,,283.647059
ABB,ABB.ST,2025-12-31,reported_enterprise_value,1790090412032.0,6305000000.0,1801370992640.0,25578000000.0,16421000000.0,5457000000.0,,1.277044
ABERA,ABERA.ST,2025-12-31,reported_enterprise_value,147195936.0,-10453000.0,122913792.0,25374000.0,9280000.0,1304000.0,,
ABI,ABI.ST,2025-08-31,reported_enterprise_value,61449304.0,-8395980.0,42251308.0,5180458.0,927397.0,18698752.0,,-0.0
ABSO,ABSO.ST,2025-12-31,reported_enterprise_value,2247212032.0,123117000.0,2406711040.0,663541000.0,230149000.0,213687000.0,,2.259879
ACAD,ACAD.ST,2026-06-30,reported_enterprise_value,9481167872.0,1952000000.0,23413995520.0,2261000000.0,6212000000.0,14201000000.0,,3.415864
ACARIX,ACARIX.ST,2025-12-31,reported_enterprise_value,285317664.0,-48091000.0,231004176.0,41483000.0,10159000.0,372000.0,,-0.0
ACAST,ACAST.ST,2025-12-31,reported_enterprise_value,5775025664.0,-90669000.0,5361529856.0,1422695000.0,814871000.0,133638000.0,,-497.727941
ACCON,ACCON.ST,2025-12-31,reported_enterprise_value,956337728.0,-20139000.0,912139648.0,116847000.0,18061000.0,16475000.0,,-0.0
ACE,ACE.ST,2025-12-31,reported_enterprise_value,109098464.0,-75022000.0,69302232.0,53935000.0,12397000.0,935000.0,,-0.01293
ACOU,ACOU.ST,2025-12-31,reported_enterprise_value,71322344.0,-10810000.0,66284768.0,13036000.0,1592000.0,0.0,,
ACRI-A,ACRI-A.ST,2025-12-31,reported_enterprise_value,354393152.0,39184000.0,702543872.0,300578000.0,82147000.0,1853000.0,,9.742388
ACRI-B,ACRI-B.ST,2025-12-31,reported_enterprise_value,290828768.0,39184000.0,634625792.0,300578000.0,82147000.0,1853000.0,,9.742388
ACROUD,ACROUD.ST,2025-12-31,reported_enterprise_value,139435104.0,-3042000.0,149164096.0,9127000.0,6923000.0,124000.0,,10.628647
ACTI,ACTI.ST,2025-12-31,reported_enterprise_value,98984328.0,-37210000.0,56106944.0,67576000.0,14471000.0,2017000.0,,-0.048715
ACUVI,ACUVI.ST,2025-12-31,reported_enterprise_value,230817648.0,-5576000.0,275686080.0,121351000.0,50429000.0,33551000.0,,2.928818
ADDT-B,ADDT-B.ST,2026-03-31,reported_enterprise_value,92434456576.0,3081000000.0,98861170688.0,9180000000.0,6143000000.0,1670000000.0,,1.745117
ADMCM,ADMCM.HE,2025-12-31,reported_enterprise_value,134530928.0,7593510.0,126695728.0,11450953.0,5843447.0,169363.0,,0.015084
ADTR,ADTR.ST,2025-12-31,reported_enterprise_value,665946432.0,-15954500.0,542862016.0,367963825.0,308740146.0,2342725.0,,0.0
ADVE,ADVE.ST,2025-12-31,reported_enterprise_value,804941888.0,18132000.0,754699264.0,160902000.0,74058000.0,18433000.0,,0.434121
AEC,AEC.ST,2025-12-31,reported_enterprise_value,676118720.0,-4569000.0,687006784.0,3270000.0,316000.0,0.0,,-2.267236
AFAGR,AFAGR.HE,2025-12-31,reported_enterprise_value,59599268.0,-6703000.0,58842268.0,46631000.0,27369000.0,49619000.0,,-0.790146
AFRY,AFRY.ST,2025-12-31,reported_enterprise_value,11710230528.0,1354000000.0,17697978368.0,9639000000.0,9302000000.0,1618000000.0,,3.015982
AGES-B,AGES-B.ST,2025-12-31,reported_enterprise_value,319722816.0,36234000.0,552022208.0,256553000.0,223260000.0,282044000.0,,2.078519
AGROUP,AGROUP.ST,2025-12-31,reported_enterprise_value,2213945344.0,260956000.0,3784898816.0,399498000.0,473645000.0,75932000.0,,5.623028
AGTIRA-B,AGTIRA-B.ST,2025-12-31,reported_enterprise_value,301320288.0,-42632000.0,324548864.0,29705000.0,38923000.0,128326000.0,,-1.630294
AINO,AINO.ST,2025-12-31,reported_enterprise_value,50324000.0,-5303000.0,54752448.0,7481000.0,8360000.0,54000.0,,-3.476608
AIRA,AIRA.ST,2025-12-31,reported_enterprise_value,102653088.0,-4527000.0,84057008.0,138000.0,266000.0,116000.0,,
AIXIA-B,AIXIA-B.ST,2025-12-31,reported_enterprise_value,133960000.0,-1655000.0,153264000.0,53602000.0,61939000.0,20514000.0,,3.893903
AJA-B,AJA-B.ST,2025-12-31,reported_enterprise_value,1337757696.0,-44858000.0,1336211712.0,109463000.0,5055000.0,4056000.0,,-0.066104
ALBERT,ALBERT.ST,2025-12-31,reported_enterprise_value,108808208.0,-64629000.0,61062656.0,62715000.0,76125000.0,124000.0,,0.872847
ALCA,ALCA.ST,2025-12-31,reported_enterprise_value,705917504.0,83500000.0,1005168640.0,575000000.0,359300000.0,73000000.0,,2.894737
ALEX,ALEX.HE,2025-12-31,market_cap_plus_net_debt,130249616.0,11458000.0,134914616.0,33361000.0,10669000.0,4934000.0,,0.319414
ALFA,ALFA.ST,2025-12-31,reported_enterprise_value,232289386496.0,11769000000.0,248332058624.0,42965000000.0,36364000000.0,15856000000.0,,1.472183
ALIF-B,ALIF-B.ST,2025-12-31,reported_enterprise_value,20924059648.0,974000000.0,25251399680.0,4149000000.0,3991000000.0,1090000000.0,,2.67751
ALIG,ALIG.ST,2025-12-31,reported_enterprise_value,12678817792.0,963000000.0,15204532224.0,4245000000.0,1783000000.0,979000000.0,,2.671161
ALIV-SDB,ALIV-SDB.ST,2025-12-31,reported_enterprise_value,81952448512.0,1089000000.0,84434583552.0,4101000000.0,3923000000.0,2587000000.0,,1.549465
ALLEI,ALLEI.ST,2025-12-31,reported_enterprise_value,29206947840.0,1020000000.0,28757729280.0,12103000000.0,4271000000.0,8132000000.0,,0.224103
ALLIGO-B,ALLIGO-B.ST,2025-12-31,reported_enterprise_value,6110722560.0,496000000.0,9275038720.0,4460000000.0,2193000000.0,1946000000.0,,3.269369
ALM,ALM.ST,2025-12-31,reported_enterprise_value,1413777152.0,-104000000.0,1868436992.0,1536000000.0,786000000.0,11000000.0,,-14.32967
ALM-PREF,ALM-PREF.ST,2025-12-31,reported_enterprise_value,2796816896.0,-104000000.0,2623553536.0,1536000000.0,786000000.0,11000000.0,,-14.32967
ALMA,ALMA.HE,2025-12-31,reported_enterprise_value,1085988352.0,76800000.0,1211124864.0,71100000.0,99100000.0,33600000.0,,1.663169
ALPCOT-B,ALPCOT-B.ST,2025-12-31,market_cap_plus_net_debt,232686208.0,-10146000.0,220301208.0,54582000.0,21942000.0,6169000.0,,0.944975
ALTRA,ALTRA.ST,2025-12-31,reported_enterprise_value,12752660480.0,1798000000.0,36382703616.0,342000000.0,4795000000.0,540000000.0,,11.998333
ALVO-SDB,ALVO-SDB.ST,2025-12-31,reported_enterprise_value,22443790336.0,273218000.0,21005334528.0,574015000.0,304078000.0,494692000.0,,4.658597
ALZCUR,ALZCUR.ST,2025-12-31,reported_enterprise_value,790611456.0,-47398000.0,934492800.0,54963000.0,23562000.0,4064000.0,,-0.055495
AMBEA,AMBEA.ST,2025-12-31,reported_enterprise_value,13116606464.0,1341000000.0,26884911104.0,1857000000.0,4572000000.0,9439000000.0,,4.442375
AMH2-B,AMH2-B.ST,2025-12-31,reported_enterprise_value,397156928.0,85572000.0,1275971968.0,24752000.0,67346000.0,275000.0,,10.730017
AMIDO,AMIDO.ST,2025-12-31,reported_enterprise_value,107799208.0,-12501817.0,97702208.0,18012947.0,11625323.0,570216.0,,0.0
ANGL,ANGL.ST,2025-12-31,reported_enterprise_value,416916544.0,4912806.0,414327840.0,15421537.0,4066532.0,51940.0,,0.0
ANNE-B,ANNE-B.ST,2025-12-31,reported_enterprise_value,1213538688.0,94700000.0,3508433152.0,247600000.0,579500000.0,5800000.0,,25.887605
ANNX,ANNX.ST,2025-12-31,reported_enterprise_value,79161088.0,-36893000.0,59389320.0,28566000.0,5224000.0,1116000.0,,-0.0
ANOD-B,ANOD-B.ST,2025-12-31,reported_enterprise_value,6953992192.0,669000000.0,9268436992.0,3355000000.0,3575000000.0,279000000.0,,3.341306
ANORA,ANORA.HE,2025-12-31,reported_enterprise_value,254677168.0,25800000.0,431677152.0,420800000.0,347300000.0,118600000.0,,4.481073
APETIT,APETIT.HE,2025-12-31,reported_enterprise_value,79667200.0,10300000.0,92405104.0,63800000.0,24700000.0,57300000.0,,1.078212
APOTEA,APOTEA.ST,2025-12-31,reported_enterprise_value,8565041152.0,301800000.0,8730622976.0,1118500000.0,871500000.0,812500000.0,,0.713208
APRTEC,APRTEC.ST,2024-12-31,market_cap_plus_net_debt,785303616.0,-10350000.0,788569616.0,7538000.0,15741000.0,1691000.0,,-3.13195
AQ,AQ.ST,2025-12-31,reported_enterprise_value,22125948928.0,863000000.0,21715601408.0,4648000000.0,1765000000.0,1642000000.0,,0.471667
ARCOMA,ARCOMA.ST,2025-12-31,reported_enterprise_value,107886168.0,6424000.0,76122656.0,76563000.0,21924000.0,1131000.0,,0.0
ARCT,ARCT.ST,2025-12-31,reported_enterprise_value,330615712.0,-19328000.0,317112928.0,19709000.0,3860000.0,63880000.0,,
ARFA,ARFA.ST,2026-06-30,reported_enterprise_value,620775616.0,51302000.0,740414208.0,69125000.0,35899000.0,268037000.0,,2.108399
ARJO-B,ARJO-B.ST,2025-12-31,reported_enterprise_value,7283162112.0,677000000.0,12133084160.0,4323000000.0,3759000000.0,2700000000.0,,3.026003
ARP,ARP.ST,2025-12-31,market_cap_plus_net_debt,1035159488.0,-195982000.0,1157035488.0,1033319000.0,776136000.0,1527706000.0,,-162.861721
ARPL,ARPL.ST,2025-12-31,reported_enterprise_value,769966016.0,111200000.0,788318976.0,560000000.0,181900000.0,381900000.0,,0.864634
ARVOSK,ARVOSK.HE,2025-12-31,market_cap_plus_net_debt,65687008.0,7003000.0,74788008.0,79560000.0,1740000.0,49000.0,,1.640647
ASKER,ASKER.ST,2025-12-31,reported_enterprise_value,25835810816.0,870000000.0,31135320064.0,5472000000.0,4037000000.0,1779000000.0,,3.448399
ASMDEE-B,ASMDEE-B.ST,2026-03-31,reported_enterprise_value,39366782976.0,111044000.0,40145248256.0,955706000.0,507912000.0,69876000.0,,3.264433
ASPO,ASPO.HE,2025-12-31,reported_enterprise_value,219997824.0,35591000.0,425317504.0,233167000.0,138179000.0,199708000.0,,3.996536
ASUNTO,ASUNTO.HE,2025-09-30,reported_enterprise_value,71701192.0,5663000.0,211800992.0,7174000.0,3739000.0,1914000.0,,24.289161
ATCO-A,ATCO-A.ST,2025-12-31,reported_enterprise_value,1017680297984.0,34553000000.0,1044922892288.0,87018000000.0,56006000000.0,33505000000.0,,0.790118
ATCO-B,ATCO-B.ST,2025-12-31,reported_enterprise_value,879615344640.0,34553000000.0,902460866560.0,87018000000.0,56006000000.0,33505000000.0,,0.790118
ATIC,ATIC.ST,2025-12-31,reported_enterprise_value,555239296.0,120935000.0,1245932544.0,160720000.0,396680000.0,628349000.0,,3.064717
ATORX,ATORX.ST,2025-12-31,reported_enterprise_value,65296356.0,-7083000.0,25433462.0,68662000.0,78145000.0,1873000.0,,-8.418065
ATRAV,ATRAV.HE,2025-12-31,reported_enterprise_value,440879360.0,66907000.0,746476096.0,269929000.0,259319000.0,547987000.0,,3.65687
ATRLJ-B,ATRLJ-B.ST,2025-12-31,reported_enterprise_value,14407593984.0,1917000000.0,42847068160.0,2480000000.0,6912000000.0,33000000.0,,14.40829
ATT,ATT.ST,2025-12-31,reported_enterprise_value,17579810816.0,1834000000.0,32726718464.0,3451000000.0,4528000000.0,12520000000.0,,4.231977
AVEN,AVEN.ST,2025-12-31,reported_enterprise_value,205662800.0,32040000.0,207474656.0,129516000.0,102921000.0,59230000.0,,1.213235
AVT-B,AVT-B.ST,2025-12-31,reported_enterprise_value,169721088.0,17041888.0,134109088.0,49177558.0,5116671.0,0.0,,0.00468
AXFO,AXFO.ST,2025-12-31,reported_enterprise_value,53927809024.0,3563000000.0,70750691328.0,9892000000.0,13923000000.0,19341000000.0,,2.015969
AXIC-A,AXIC-A.ST,2025-12-31,reported_enterprise_value,124621584.0,-17491000.0,126427328.0,15120000.0,8218000.0,3000.0,,-0.375387
AXOLOT,AXOLOT.ST,2025-12-31,reported_enterprise_value,83430768.0,-5931000.0,74108944.0,14980000.0,2731000.0,300000.0,,-0.189361
AZN,AZN.ST,2025-12-31,reported_enterprise_value,2439574716416.0,14016000000.0,2468730896384.0,28723000000.0,30617000000.0,14703000000.0,,1.494361
B3,B3.ST,2025-12-31,reported_enterprise_value,209474384.0,47900000.0,490174400.0,302500000.0,249600000.0,86000000.0,,3.981818
BACTI-B,BACTI-B.ST,2025-12-31,reported_enterprise_value,539959168.0,-5525000.0,653242816.0,124171000.0,74319000.0,93345000.0,,3.920966
BAHN-B,BAHN-B.ST,2025-12-31,reported_enterprise_value,6421638144.0,251465000.0,6048064512.0,850104000.0,644317000.0,470094000.0,,0.429936
BALCO,BALCO.ST,2025-12-31,reported_enterprise_value,379857184.0,-19984000.0,836355008.0,628861000.0,396942000.0,271579000.0,,20.687591
BALD-B,BALD-B.ST,2025-12-31,reported_enterprise_value,52965511168.0,14251000000.0,215957979136.0,21189000000.0,21760000000.0,2589000000.0,,10.14931
BAWAT,BAWAT.ST,2025-12-31,reported_enterprise_value,88266080.0,-16171000.0,145738080.0,4053000.0,38915000.0,10620000.0,,-5.22341
BBROOM,BBROOM.ST,2025-12-31,reported_enterprise_value,154679808.0,-22077000.0,108503000.0,133173000.0,91340000.0,39728000.0,,-1.368084
BEAMMW-B,BEAMMW-B.ST,2025-12-31,reported_enterprise_value,1190857088.0,-24769016.0,1072960000.0,83023965.0,6888049.0,0.0,,
BEGR,BEGR.ST,2025-12-31,reported_enterprise_value,506344960.0,-576000000.0,1169192448.0,1133000000.0,632000000.0,500000000.0,,-1.55079
BEIA-B,BEIA-B.ST,2025-12-31,reported_enterprise_value,18621020160.0,939000000.0,21871544320.0,3555000000.0,1768000000.0,1938000000.0,,2.695183
BEIJ-B,BEIJ-B.ST,2025-12-31,reported_enterprise_value,74884341760.0,3609000000.0,85365538816.0,20037000000.0,13383000000.0,4853000000.0,,2.760633
BERG-B,BERG-B.ST,2026-03-31,reported_enterprise_value,7025091072.0,422000000.0,9193291776.0,2625000000.0,1510000000.0,528000000.0,,3.079897
BERNER-B,BERNER-B.ST,2025-12-31,reported_enterprise_value,1527984640.0,100252000.0,1700907392.0,298945000.0,227397000.0,112583000.0,,1.179484
BESQAB,BESQAB.ST,2025-12-31,reported_enterprise_value,2763805952.0,-76300000.0,4739179520.0,6042400000.0,3534400000.0,33000000.0,,-39.808411
BETCO,BETCO.ST,2025-12-31,reported_enterprise_value,4304005120.0,43081000.0,4262780160.0,100841000.0,62671000.0,15216000.0,,3.246752
BETS-B,BETS-B.ST,2025-12-31,reported_enterprise_value,12630748160.0,249088000.0,12510113792.0,536400000.0,238800000.0,23415000.0,,0.60883
BHG,BHG.ST,2025-12-31,reported_enterprise_value,3439511552.0,398700000.0,5518153728.0,1873800000.0,2049100000.0,739600000.0,,2.322846
BHOLM,BHOLM.ST,2025-12-31,reported_enterprise_value,155068752.0,22274000.0,137706928.0,107833000.0,52563000.0,3927000.0,,0.049676
BIBB,BIBB.ST,2025-12-31,reported_enterprise_value,64232276.0,-14585000.0,28789276.0,9049000.0,2570000.0,383000.0,,
BICO,BICO.ST,2025-12-31,reported_enterprise_value,1552647680.0,-1509200000.0,1643506432.0,2005300000.0,1574800000.0,337200000.0,,-5.415825
BILI-A,BILI-A.ST,2025-12-31,reported_enterprise_value,12832646144.0,1336000000.0,23352823808.0,7679000000.0,6296000000.0,9222000000.0,,3.076683
BILL,BILL.ST,2025-12-31,reported_enterprise_value,19908831232.0,1180000000.0,26826969088.0,13450000000.0,10212000000.0,28756000000.0,,1.826334
BIM,BIM.ST,2025-12-31,reported_enterprise_value,714314304.0,-64004000.0,555585216.0,192074000.0,96508000.0,1986000.0,,-0.024514
BINERO,BINERO.ST,2025-12-31,reported_enterprise_value,229011856.0,-43380000.0,343611872.0,143378000.0,198782000.0,31973000.0,,16.451606
BINV,BINV.ST,2025-12-31,reported_enterprise_value,1516790400.0,-332059000.0,1187567872.0,637693000.0,112430000.0,33509000.0,,-0.027314
BIOA-B,BIOA-B.ST,2025-12-31,reported_enterprise_value,27067129856.0,1257611000.0,25179330560.0,2486956000.0,520777000.0,82986000.0,,0.034689
BIOEX,BIOEX.ST,2025-12-31,reported_enterprise_value,110436016.0,-17704000.0,103997056.0,5543000.0,3513000.0,5842000.0,,
BIOG-B,BIOG-B.ST,2025-12-31,reported_enterprise_value,11653898240.0,427276000.0,11086230528.0,1219074000.0,199142000.0,181151000.0,,0.023012
BIOVIC-B,BIOVIC-B.ST,2026-04-30,reported_enterprise_value,86989536.0,-69112000.0,44051740.0,80344000.0,18701000.0,4419000.0,,-0.070671
BIOWKS,BIOWKS.ST,2025-12-31,reported_enterprise_value,307266464.0,-17162000.0,275988128.0,69046000.0,21549000.0,1710000.0,,
BITTI,BITTI.HE,2025-12-31,reported_enterprise_value,1384559232.0,19848000.0,1368079488.0,106813000.0,42597000.0,19349000.0,,0.604527
BLINC-B,BLINC-B.ST,2025-12-31,reported_enterprise_value,221856192.0,-44405000.0,191059664.0,40037000.0,10823000.0,5464000.0,,-0.165655
BMAX,BMAX.ST,2025-12-31,reported_enterprise_value,3001602304.0,301000000.0,4979814912.0,1265000000.0,1607000000.0,1992000000.0,,2.103018
BOAT,BOAT.ST,2025-12-31,reported_enterprise_value,513705760.0,-153922000.0,566580608.0,1142026000.0,643363000.0,169756000.0,,-2.097979
BOHO,BOHO.ST,2025-12-31,reported_enterprise_value,401571136.0,-17162000.0,621813824.0,88213000.0,22553000.0,24250000.0,,-32.288371
BOKUS,BOKUS.ST,2025-12-31,reported_enterprise_value,1143506816.0,127200000.0,1565320576.0,410200000.0,715100000.0,333500000.0,,0.906052
BOL,BOL.ST,2025-12-31,reported_enterprise_value,148341997568.0,13275000000.0,166094897152.0,41459000000.0,24399000000.0,97670000000.0,,1.078894
BOMILL,BOMILL.ST,2025-12-31,reported_enterprise_value,57545892.0,-12756000.0,53349452.0,21332000.0,12627000.0,2320000.0,,
BONAS,BONAS.ST,2025-12-31,reported_enterprise_value,379828416.0,51665000.0,1225693568.0,73882000.0,285436000.0,0.0,,17.079415
BONAV-A,BONAV-A.ST,2025-12-31,reported_enterprise_value,2733775616.0,272000000.0,7915018752.0,14919000000.0,5367000000.0,180000000.0,,10.167598
BONAV-B,BONAV-B.ST,2025-12-31,reported_enterprise_value,2775586560.0,272000000.0,7924667392.0,14919000000.0,5367000000.0,180000000.0,,10.167598
BONEX,BONEX.ST,2025-12-31,reported_enterprise_value,15112798208.0,202854000.0,14236081152.0,796662000.0,164321000.0,20340000.0,,0.054483
BONG,BONG.ST,2025-12-31,reported_enterprise_value,129036160.0,11386000.0,301962368.0,536883000.0,504196000.0,347817000.0,,4.143039
BOOZT,BOOZT.ST,2025-12-31,reported_enterprise_value,8372278784.0,423000000.0,9229812736.0,3878000000.0,2535000000.0,1147000000.0,,0.616783
BOREO,BOREO.HE,2025-12-31,reported_enterprise_value,69904432.0,6600000.0,107462664.0,56400000.0,41000000.0,10500000.0,,3.064516
BORG,BORG.ST,2025-12-31,reported_enterprise_value,1353315584.0,124012000.0,1436141696.0,427892000.0,303689000.0,52783000.0,,0.606129
BOTX,BOTX.ST,2025-12-31,reported_enterprise_value,429268928.0,63193000.0,410114304.0,88412000.0,44337000.0,152264000.0,,0.027754
BOUL,BOUL.ST,2025-12-31,reported_enterprise_value,90092800.0,21789000.0,301287776.0,225340000.0,207029000.0,58012000.0,,5.539475
BPCINS,BPCINS.ST,2025-12-31,reported_enterprise_value,168785360.0,11830000.0,104470360.0,96610000.0,7788000.0,1375000.0,,0.0
BRAIN,BRAIN.ST,2025-12-31,reported_enterprise_value,415411840.0,-36049858.0,389698464.0,101037388.0,14376716.0,9112173.0,,-0.0
BRAV,BRAV.ST,2025-12-31,reported_enterprise_value,30730995712.0,1721000000.0,33889286144.0,10215000000.0,11738000000.0,1862000000.0,,1.530161
BRAVE,BRAVE.ST,2025-12-31,market_cap_plus_net_debt,141199824.0,-27889138.0,147446734.0,15854833.0,70507890.0,749510.0,,-1.048232
BRIN-B,BRIN-B.ST,2025-12-31,reported_enterprise_value,2578925056.0,500600000.0,13625488384.0,155900000.0,1691000000.0,9700000.0,,22.569085
BTS-B,BTS-B.ST,2025-12-31,reported_enterprise_value,4238205184.0,198042000.0,4422509056.0,1543505000.0,905985000.0,149834000.0,,2.122592
BUFAB,BUFAB.ST,2025-12-31,reported_enterprise_value,27236997120.0,998000000.0,30683437056.0,4529000000.0,1714000000.0,797000000.0,,2.748466
BULTEN,BULTEN.ST,2025-12-31,reported_enterprise_value,1456566656.0,134000000.0,2288282880.0,2156000000.0,1293000000.0,1539000000.0,,4.126437
BURE,BURE.ST,2025-12-31,reported_enterprise_value,22931638272.0,-4673000000.0,22841155584.0,388000000.0,268000000.0,8000000.0,,-0.000643
BUSER,BUSER.ST,2025-12-31,reported_enterprise_value,153792256.0,-112927000.0,63878416.0,122441000.0,47622000.0,130000.0,,-0.0
BUY,BUY.ST,2025-12-31,market_cap_plus_net_debt,113973488.0,-3028798.0,118598394.0,11936842.0,17064866.0,1170805.0,,6.285724
BYGGP,BYGGP.ST,2025-12-31,reported_enterprise_value,1632327680.0,164177000.0,1482445568.0,1037684000.0,1141163000.0,160119000.0,,0.429152
CAG,CAG.ST,2025-12-31,reported_enterprise_value,647433472.0,65794000.0,606959040.0,281501000.0,163076000.0,29854000.0,,0.372113
CALVIK,CALVIK.ST,2025-12-31,reported_enterprise_value,381465216.0,43150000.0,633173632.0,359476000.0,408519000.0,33079000.0,,3.09092
CAMX,CAMX.ST,2025-12-31,reported_enterprise_value,38145388544.0,938739000.0,32221374464.0,4437974000.0,367174000.0,278832000.0,,0.110019
CANATU,CANATU.HE,2025-12-31,reported_enterprise_value,192544320.0,-9400000.0,125373120.0,96400000.0,8100000.0,14000000.0,,-0.309859
CANDLE-B,CANDLE-B.ST,2025-04-30,reported_enterprise_value,312740544.0,-972115.0,417008256.0,70791233.0,38157878.0,90857304.0,,29.529748
CANTA,CANTA.ST,2025-12-31,reported_enterprise_value,414459136.0,151099000.0,128338824.0,293398000.0,29948000.0,408000.0,,
CAPMAN,CAPMAN.HE,2025-12-31,reported_enterprise_value,310061184.0,23531000.0,367949728.0,95517000.0,27050000.0,6414000.0,,3.995408
CARA,CARA.ST,2025-12-31,reported_enterprise_value,1754925440.0,32544000.0,1715441920.0,217524000.0,111701000.0,32607000.0,,0.331121
CARE,CARE.ST,2025-12-31,reported_enterprise_value,668970880.0,45000000.0,854831872.0,319300000.0,188900000.0,123000000.0,,1.829843
CASE,CASE.ST,2025-12-31,reported_enterprise_value,685526656.0,54463000.0,637858368.0,104338000.0,54979000.0,286000.0,,0.367006
CAST,CAST.ST,2025-12-31,reported_enterprise_value,51830484992.0,3578000000.0,111627534336.0,1394000000.0,14345000000.0,1137000000.0,,16.141072
CAT-A,CAT-A.ST,2025-12-31,reported_enterprise_value,1484688384.0,213000000.0,1660688384.0,2555000000.0,786000000.0,148000000.0,,4.811881
CAT-B,CAT-B.ST,2025-12-31,reported_enterprise_value,1467524480.0,213000000.0,1657255680.0,2555000000.0,786000000.0,148000000.0,,4.811881
CATE,CATE.ST,2025-12-31,reported_enterprise_value,22627794944.0,2643000000.0,47783632896.0,911000000.0,3711000000.0,276000000.0,,6.825643
CCC,CCC.ST,2025-12-31,reported_enterprise_value,1232339200.0,2955000.0,1236561664.0,88926000.0,70619000.0,18294000.0,,2.622463
CDMIL,CDMIL.ST,2025-12-31,reported_enterprise_value,200919376.0,495000.0,173994288.0,46174000.0,29591000.0,160000.0,,0.04945
CDON,CDON.ST,2025-12-31,reported_enterprise_value,498765696.0,-53500000.0,352332768.0,233100000.0,240200000.0,400000.0,,0.0
CEDER,CEDER.ST,2026-06-30,reported_enterprise_value,571008320.0,57900000.0,631376192.0,228600000.0,196600000.0,103200000.0,,2.49396
CEVI,CEVI.ST,2025-12-31,reported_enterprise_value,4002289920.0,195150000.0,3901455872.0,441093000.0,110927000.0,122374000.0,,0.109061
CFISH,CFISH.ST,2025-12-31,reported_enterprise_value,178988448.0,-20180877.0,170661920.0,14806488.0,6276813.0,646516.0,,-0.04102
CHARGE,CHARGE.ST,2025-12-31,reported_enterprise_value,93895232.0,-9928000.0,89387008.0,11672000.0,11012000.0,114000.0,,-0.606122
CHECK,CHECK.ST,2025-12-31,reported_enterprise_value,66332848.0,-131592000.0,48011856.0,27640000.0,12435000.0,175000.0,,0.262557
CHEF,CHEF.ST,2025-12-31,reported_enterprise_value,1484328320.0,78452000.0,1438316928.0,201473000.0,166084000.0,78396000.0,,0.679863
CIBUS,CIBUS.ST,2025-12-31,reported_enterprise_value,10006289408.0,160500000.0,11549780992.0,78700000.0,155900000.0,16200000.0,,9.875
CINPHA,CINPHA.ST,2025-12-31,reported_enterprise_value,631052416.0,-183315000.0,268957984.0,536854000.0,136792000.0,9406000.0,,-0.043651
CITYVA,CITYVA.HE,2025-12-31,reported_enterprise_value,103836680.0,15676000.0,149168688.0,12266000.0,8751000.0,9680000.0,,2.870405
CLA-B,CLA-B.ST,2025-12-31,reported_enterprise_value,14122113024.0,1120000000.0,15561614336.0,3244000000.0,2046000000.0,1544000000.0,,1.163887
CLAS-B,CLAS-B.ST,2026-04-30,reported_enterprise_value,26696876032.0,1556000000.0,26512930816.0,4526500000.0,2997300000.0,2346000000.0,,0.834754
CLAV,CLAV.ST,2025-12-31,reported_enterprise_value,1571134080.0,-14654000.0,1612330368.0,177919000.0,193319000.0,14352000.0,,4.173693
CLBIO,CLBIO.ST,2025-12-31,reported_enterprise_value,388076768.0,-14713000.0,369148384.0,23982000.0,4819000.0,162000.0,,
CLEM,CLEM.ST,2025-12-31,market_cap_plus_net_debt,80865240.0,7776000.0,127970240.0,93055000.0,62641000.0,46479000.0,,2.09906
CLIME-B,CLIME-B.ST,2025-12-31,reported_enterprise_value,174595776.0,-142359000.0,168353568.0,82308000.0,23891000.0,12524000.0,,-0.118389
CLS-B,CLS-B.ST,2025-12-31,reported_enterprise_value,82191592.0,-41952035.0,47450204.0,39122000.0,10004000.0,14043433.0,,-0.0
CNCJO-B,CNCJO-B.ST,2025-12-31,reported_enterprise_value,549796736.0,54200000.0,447671072.0,426400000.0,150300000.0,31600000.0,,0.443433
COFFEE-B,COFFEE-B.ST,2026-03-31,reported_enterprise_value,4463953408.0,39000000.0,3887000064.0,832000000.0,180000000.0,32000000.0,,0.047722
COMPDM,COMPDM.ST,2025-12-31,reported_enterprise_value,52916416.0,-15865000.0,45010272.0,16749000.0,27059000.0,135000.0,,0.047753
CONSTI,CONSTI.HE,2025-12-31,reported_enterprise_value,89896320.0,9233000.0,89093176.0,60280000.0,62166000.0,6917000.0,,1.101173
COOR,COOR.ST,2025-12-31,reported_enterprise_value,4612169728.0,451000000.0,6869158912.0,2207000000.0,2992000000.0,530000000.0,,3.355474
CORE-A,CORE-A.ST,2025-12-31,reported_enterprise_value,4030258688.0,-2637000000.0,34201735168.0,2547000000.0,12627000000.0,1534000000.0,,-11.510118
CORE-B,CORE-B.ST,2025-12-31,reported_enterprise_value,2492331776.0,-2637000000.0,32622198784.0,2547000000.0,12627000000.0,1534000000.0,,-11.510118
CORE-D,CORE-D.ST,2025-12-31,reported_enterprise_value,247007887360.0,-2637000000.0,276071284736.0,2547000000.0,12627000000.0,1534000000.0,,-11.510118
CORE-PREF,CORE-PREF.ST,2025-12-31,reported_enterprise_value,24085180416.0,-2637000000.0,307787366400.0,2547000000.0,12627000000.0,1534000000.0,,-11.510118
CRAD-B,CRAD-B.ST,2025-12-31,reported_enterprise_value,1104878080.0,16770000.0,-99589264.0,438019000.0,141769000.0,23701000.0,,0.347637
CRNO-B,CRNO-B.ST,2025-12-31,reported_enterprise_value,1243355904.0,-73204229.0,1398724608.0,78350421.0,25079651.0,2879722.0,,-1.72613
CTEK,CTEK.ST,2025-12-31,reported_enterprise_value,912490560.0,61200000.0,1076484480.0,452600000.0,149400000.0,44300000.0,,2.734241
CTH1V,CTH1V.HE,2025-12-31,reported_enterprise_value,69977480.0,4252000.0,72053672.0,33207000.0,29039000.0,32295000.0,,1.599917
CTM,CTM.ST,2025-12-31,reported_enterprise_value,236806352.0,-8924000.0,220002416.0,21240000.0,5548000.0,789000.0,,-0.070151
CTT,CTT.ST,2025-12-31,reported_enterprise_value,1650153856.0,51400000.0,1738444032.0,223500000.0,82900000.0,36300000.0,,0.614187
CTY1S,CTY1S.HE,2025-12-31,reported_enterprise_value,538775040.0,208300000.0,2424375040.0,630600000.0,217500000.0,400000.0,,8.544034
CX,CX.ST,2025-12-31,reported_enterprise_value,543455744.0,53900000.0,268524928.0,270000000.0,262800000.0,68900000.0,,1.70562
CYNCA,CYNCA.ST,2025-12-31,reported_enterprise_value,1616732288.0,-34000000.0,3328419328.0,1197000000.0,767000000.0,718000000.0,,4.858469
DEDI,DEDI.ST,2025-12-31,reported_enterprise_value,539581632.0,45784000.0,481807712.0,356248000.0,253820000.0,26853000.0,,0.69869
DETEC,DETEC.HE,2025-12-31,reported_enterprise_value,108158552.0,7464944.0,93806000.0,88273603.0,25685055.0,4045297.0,,0.437719
DEVP-B,DEVP-B.ST,2025-12-31,reported_enterprise_value,81828992.0,-4782000.0,70680680.0,166306000.0,101592000.0,22727000.0,,7.094586
DICOT,DICOT.ST,2025-12-31,reported_enterprise_value,772823936.0,-80229000.0,519567808.0,85463000.0,12108000.0,0.0,,
DIGIA,DIGIA.HE,2025-12-31,reported_enterprise_value,134538368.0,17804000.0,155692352.0,73284000.0,61332000.0,6635000.0,,1.915142
DIOS,DIOS.ST,2025-12-31,reported_enterprise_value,7841789440.0,1730000000.0,25466300416.0,685000000.0,3868000000.0,100000000.0,,10.067933
DIST,DIST.ST,2025-12-31,reported_enterprise_value,110410336.0,-77300000.0,226810336.0,463900000.0,233800000.0,14300000.0,,5.646199
DLAB,DLAB.ST,2025-12-31,reported_enterprise_value,71168896.0,-7857000.0,32370704.0,16308000.0,17307000.0,0.0,,-0.0
DMXSE-SDB,DMXSE-SDB.ST,2025-06-30,reported_enterprise_value,582432832.0,-3769503.0,579175232.0,10268177.0,801436.0,8909132.0,,
DMYD-B,DMYD-B.ST,2025-08-31,reported_enterprise_value,155294464.0,-169777000.0,-188640752.0,159144000.0,40025000.0,49357000.0,,-0.187857
DOM,DOM.ST,2025-12-31,reported_enterprise_value,6380414976.0,1819000000.0,17528190976.0,12467000000.0,8879000000.0,3529000000.0,,5.270054
DOXA,DOXA.ST,2025-12-31,reported_enterprise_value,416843552.0,-145800000.0,1105240960.0,2782200000.0,764000000.0,790900000.0,,-11.147882
DRIL,DRIL.ST,2025-12-31,reported_enterprise_value,162790000.0,4362000.0,264076000.0,212037000.0,146684000.0,191280000.0,,3.256777
DSNO,DSNO.ST,2025-12-31,reported_enterprise_value,279678784.0,-210000000.0,702697152.0,181000000.0,159400000.0,38600000.0,,-1.904762
DUNI,DUNI.ST,2025-12-31,reported_enterprise_value,3482628096.0,496000000.0,6634127872.0,3156000000.0,1877000000.0,1495000000.0,,2.240994
DURC-B,DURC-B.ST,2026-06-30,reported_enterprise_value,703949952.0,-74500000.0,977900032.0,1110300000.0,622800000.0,624400000.0,,6.388594
DUST,DUST.ST,2025-08-31,reported_enterprise_value,2356592384.0,-2514000000.0,3957167360.0,5467000000.0,4748000000.0,571000000.0,,10.738462
DVYSR,DVYSR.ST,2025-12-31,reported_enterprise_value,905293568.0,400000.0,890361344.0,204300000.0,70900000.0,82800000.0,,1.887273
DYVOX,DYVOX.ST,2025-12-31,reported_enterprise_value,7954895360.0,248800000.0,9239798784.0,1077100000.0,686500000.0,284900000.0,,2.316264
EG7,EG7.ST,2025-12-31,reported_enterprise_value,1212096256.0,-2082700000.0,1272628608.0,684100000.0,453200000.0,75000000.0,,1.482136
EGTX,EGTX.ST,2025-12-31,reported_enterprise_value,4235836160.0,-327700000.0,3958615552.0,253600000.0,240900000.0,9900000.0,,-0.312198
EKTA-B,EKTA-B.ST,2026-04-30,reported_enterprise_value,20173989888.0,163000000.0,25053497344.0,13102000000.0,15063000000.0,1641000000.0,,5.191926
ELAN-B,ELAN-B.ST,2025-12-31,reported_enterprise_value,1732529792.0,461000000.0,9796441088.0,4168000000.0,3613000000.0,4758000000.0,,4.867183
ELISA,ELISA.HE,2025-12-31,reported_enterprise_value,5816008192.0,467100000.0,7359303680.0,826700000.0,766900000.0,1015700000.0,,
ELLOS,ELLOS.ST,2025-12-31,reported_enterprise_value,1435338624.0,158200000.0,2298223360.0,1116000000.0,728800000.0,550000000.0,,3.982486
ELON,ELON.ST,2025-12-31,reported_enterprise_value,664812608.0,-81642000.0,1093804288.0,1282888000.0,1183709000.0,272838000.0,,9.706864
ELTEL,ELTEL.ST,2025-12-31,reported_enterprise_value,3244451584.0,17600000.0,3233967104.0,268900000.0,283400000.0,59100000.0,,3.928118
ELUX-A,ELUX-A.ST,2025-12-31,reported_enterprise_value,21747904512.0,3818000000.0,46604500992.0,63150000000.0,65640000000.0,28461000000.0,,4.576539
ELUX-B,ELUX-B.ST,2025-12-31,reported_enterprise_value,19670493184.0,3818000000.0,44786765824.0,63150000000.0,65640000000.0,28461000000.0,,4.576539
EMB,EMB.ST,2025-12-31,reported_enterprise_value,207914384.0,8153000.0,224034032.0,28256000.0,26515000.0,18632000.0,,0.449364
EMBELL,EMBELL.ST,2025-12-31,reported_enterprise_value,776777728.0,95030000.0,868485568.0,306583000.0,144709000.0,137223000.0,,0.76753
EMBRAC-B,EMBRAC-B.ST,2026-03-31,reported_enterprise_value,18491082752.0,-6763000000.0,16045304832.0,9088000000.0,5483000000.0,911000000.0,,0.39468
EMIL-B,EMIL-B.ST,2025-12-31,reported_enterprise_value,5554656768.0,928000000.0,14488947712.0,354000000.0,879000000.0,2000000.0,,7.341595
ENEA,ENEA.ST,2025-12-31,reported_enterprise_value,1192895488.0,57492000.0,1434809728.0,551790000.0,378895000.0,44190000.0,,1.552114
ENENTO,ENENTO.HE,2025-12-31,reported_enterprise_value,348501056.0,23814000.0,488271584.0,40445000.0,34192000.0,6520000.0,,3.59429
ENGCON-B,ENGCON-B.ST,2025-12-31,reported_enterprise_value,10287694848.0,305000000.0,10561825792.0,847000000.0,398000000.0,228000000.0,,0.725
ENRO,ENRO.ST,2025-12-31,reported_enterprise_value,438769856.0,51000000.0,346276384.0,346000000.0,345000000.0,43000000.0,,0.294118
ENVAR,ENVAR.ST,2025-12-31,reported_enterprise_value,571249984.0,15391000.0,546721984.0,64514000.0,15040000.0,2738000.0,,
ENVI-B,ENVI-B.ST,2025-12-31,reported_enterprise_value,168733456.0,14480000.0,158528448.0,38873000.0,7659000.0,611000.0,,0.0
ENZY,ENZY.ST,2025-12-31,reported_enterprise_value,415077024.0,-51765000.0,435517856.0,65025000.0,17798000.0,10365000.0,,-0.022065
EOLU-B,EOLU-B.ST,2025-12-31,reported_enterprise_value,1226012160.0,-337000000.0,1110331392.0,2089000000.0,401000000.0,35000000.0,,-1.699387
EPEN,EPEN.ST,2025-12-31,reported_enterprise_value,5032427008.0,226020000.0,5565184512.0,974453000.0,604439000.0,214639000.0,,3.087908
EPI-A,EPI-A.ST,2025-12-31,reported_enterprise_value,318577049600.0,12052000000.0,330791059456.0,45533000000.0,19156000000.0,8747000000.0,,1.335139
EPI-B,EPI-B.ST,2025-12-31,reported_enterprise_value,268364578816.0,12052000000.0,280699568128.0,45533000000.0,19156000000.0,8747000000.0,,1.335139
EPIS-B,EPIS-B.ST,2025-12-31,reported_enterprise_value,1130060672.0,-57400000.0,770037312.0,17700000.0,10400000.0,5100000.0,,-0.099391
EPRO-B,EPRO-B.ST,2025-12-31,reported_enterprise_value,12990364672.0,1120000000.0,15204734976.0,5279000000.0,4875000000.0,2073000000.0,,1.595281
EQL,EQL.ST,2026-03-31,reported_enterprise_value,677704576.0,44594000.0,1089588864.0,403872000.0,210229000.0,5903000.0,,6.786437
EQT,EQT.ST,2025-12-31,reported_enterprise_value,351225511936.0,965700000.0,328302428160.0,6685100000.0,978100000.0,266500000.0,,1.89645
EQV1V,EQV1V.HE,2025-12-31,market_cap_plus_net_debt,364383360.0,27519000.0,356303360.0,34809000.0,15102000.0,2731000.0,,0.100014
ERIBR,ERIBR.HE,2025-12-31,market_cap_plus_net_debt,27153295360.0,41021000000.0,9924295360.0,143554000000.0,110937000000.0,15527000000.0,,0.806409
ERIC-A,ERIC-A.ST,2025-12-31,reported_enterprise_value,306380046336.0,41021000000.0,294914686976.0,143554000000.0,110937000000.0,15527000000.0,,0.806409
ERIC-B,ERIC-B.ST,2025-12-31,reported_enterprise_value,305009655808.0,41021000000.0,294187270144.0,143554000000.0,110937000000.0,15527000000.0,,0.806409
ESENSE,ESENSE.HE,2025-12-31,reported_enterprise_value,93339736.0,9073000.0,100543088.0,91548000.0,106329000.0,14893000.0,,1.526532
ESGR-B,ESGR-B.ST,2025-12-31,reported_enterprise_value,94182104.0,-21727000.0,104567184.0,148791000.0,61672000.0,3729000.0,,-1.813967
ESSITY-A,ESSITY-A.ST,2025-12-31,reported_enterprise_value,172733415424.0,18743000000.0,210890358784.0,54278000000.0,40796000000.0,50062000000.0,,1.436448
ESSITY-B,ESSITY-B.ST,2025-12-31,reported_enterprise_value,173205749760.0,18743000000.0,210822496256.0,54278000000.0,40796000000.0,50062000000.0,,1.436448
ETTE,ETTE.HE,2025-12-31,reported_enterprise_value,201998976.0,17966000.0,273192992.0,114929000.0,117434000.0,25659000.0,,2.791326
EVLI,EVLI.HE,2025-12-31,market_cap_plus_net_debt,625043648.0,59100000.0,717843648.0,260700000.0,82300000.0,9300000.0,,1.964912
EVO,EVO.ST,2025-12-31,reported_enterprise_value,147221004288.0,1251967000.0,154670530560.0,2075627000.0,1251394000.0,263034000.0,,0.064496
EWRK,EWRK.ST,2025-12-31,reported_enterprise_value,942156544.0,115093000.0,1141985408.0,3139466000.0,2951740000.0,42117000.0,,1.060615
EXEL,EXEL.HE,2025-12-31,reported_enterprise_value,112368624.0,-3923000.0,134300624.0,52326000.0,51487000.0,24278000.0,,35.674349
EXS,EXS.ST,2025-12-31,reported_enterprise_value,1445800448.0,126473000.0,1847496576.0,282461000.0,227184000.0,94842000.0,,1.801868
FABG,FABG.ST,2025-12-31,reported_enterprise_value,20274491392.0,471000000.0,56392495104.0,1613000000.0,10049000000.0,1616000000.0,,74.705394
FABLE,FABLE.ST,2025-12-31,reported_enterprise_value,195670848.0,48198000.0,247018832.0,17037000.0,9259000.0,0.0,,1.206899
FAG,FAG.ST,2025-12-31,reported_enterprise_value,3089343744.0,621000000.0,6516169728.0,4195100000.0,1738900000.0,2327400000.0,,3.797927
FARON,FARON.HE,2025-12-31,reported_enterprise_value,82572696.0,-25985000.0,69931864.0,15825000.0,18874000.0,189000.0,,-0.961846
FASTAT,FASTAT.ST,2025-12-31,reported_enterprise_value,178785920.0,-407936000.0,644534080.0,122098000.0,2458428000.0,42592000.0,,-6.52909
FERRO,FERRO.ST,2025-12-31,reported_enterprise_value,284305152.0,-20102000.0,307998176.0,159309000.0,65147000.0,5308000.0,,-1.085284
FG,FG.ST,2025-12-31,reported_enterprise_value,1435073152.0,72300000.0,3135106304.0,1489800000.0,1247800000.0,326600000.0,,5.441669
FIA1S,FIA1S.HE,2025-12-31,reported_enterprise_value,920186048.0,99000000.0,1223186048.0,1338000000.0,1362700000.0,1973200000.0,,4.028927
FIRE,FIRE.ST,2025-12-31,reported_enterprise_value,1059247104.0,61996000.0,1012874304.0,297343000.0,91413000.0,9421000.0,,0.016713
FLAT-B,FLAT-B.ST,2025-12-31,reported_enterprise_value,3787918080.0,-2279664000.0,3907512832.0,144189000.0,2120000.0,0.0,,-0.0
FLERIE,FLERIE.ST,2025-12-31,reported_enterprise_value,1326474880.0,-757100000.0,1091832960.0,727100000.0,13900000.0,1700000.0,,-0.002776
FLEXM,FLEXM.ST,2025-12-31,reported_enterprise_value,156394880.0,-14556546.0,148482272.0,26538069.0,20023387.0,198303.0,,-0.01755
FLEXQ,FLEXQ.ST,2025-12-31,reported_enterprise_value,492502304.0,-29915000.0,490437152.0,120247000.0,95156000.0,4583000.0,,-2.111766
FLMNG,FLMNG.ST,2025-12-31,reported_enterprise_value,346885024.0,5324000.0,1796889984.0,10701000.0,1342000.0,113000.0,,9.767844
FLOWS,FLOWS.ST,2025-12-31,reported_enterprise_value,58773384.0,2172000.0,40438276.0,29124000.0,31823000.0,998000.0,,0.0
FLUO,FLUO.ST,2025-12-31,reported_enterprise_value,552606784.0,-44898000.0,549901952.0,86744000.0,5727000.0,999000.0,,-0.637934
FMM-B,FMM-B.ST,2025-12-31,reported_enterprise_value,5056096768.0,195698000.0,4829486080.0,1083521000.0,440901000.0,248727000.0,,0.29913
FNM,FNM.ST,2025-12-31,reported_enterprise_value,1345703424.0,-103000000.0,3158692864.0,1495000000.0,1480000000.0,2138000000.0,,5.919732
FNOVA-B,FNOVA-B.ST,2025-12-31,reported_enterprise_value,1094681216.0,271100000.0,4010439680.0,262200000.0,639500000.0,15700000.0,,10.924013
FOI-B,FOI-B.ST,2025-12-31,reported_enterprise_value,3128147456.0,29467000.0,4004874240.0,406360000.0,201805000.0,203678000.0,,2.455933
FORTUM,FORTUM.HE,2025-12-31,reported_enterprise_value,21148522496.0,1124000000.0,23010385920.0,5032000000.0,2288000000.0,6572000000.0,,3.298124
FPAR-A,FPAR-A.ST,2025-12-31,reported_enterprise_value,7078658560.0,1184100000.0,24999270400.0,377300000.0,3599500000.0,1192500000.0,,15.003207
FPAR-D,FPAR-D.ST,2025-12-31,reported_enterprise_value,13436167168.0,1184100000.0,31397335040.0,377300000.0,3599500000.0,1192500000.0,,15.003207
FRACTL,FRACTL.ST,2025-12-31,reported_enterprise_value,413637696.0,43465000.0,387235840.0,331227000.0,220060000.0,41115000.0,,0.358856
FRAMERY,FRAMERY.HE,2025-12-31,reported_enterprise_value,519802912.0,40966000.0,588600320.0,81287000.0,44249000.0,12516000.0,,1.852507
FREEM,FREEM.ST,2025-12-31,reported_enterprise_value,405305024.0,-91070000.0,376929600.0,57192000.0,16879000.0,17423000.0,,
FREJA,FREJA.ST,2025-12-31,reported_enterprise_value,545514624.0,-13053000.0,521899008.0,34406000.0,41582000.0,3699000.0,,4.580876
FRILAN,FRILAN.ST,2025-12-31,reported_enterprise_value,194604544.0,19419000.0,84563552.0,326959000.0,269630000.0,109000.0,,
FSECURE,FSECURE.HE,2025-12-31,reported_enterprise_value,251237664.0,34969000.0,396055808.0,48067000.0,68573000.0,5791000.0,,3.041992
FSKRS,FSKRS.HE,2025-12-31,reported_enterprise_value,1044442880.0,42400000.0,1556028544.0,639500000.0,449400000.0,281400000.0,,4.71248
G2M,G2M.ST,2025-12-31,reported_enterprise_value,715299328.0,13004000.0,822841088.0,21746000.0,168617000.0,6753000.0,,3.585478
G5EN,G5EN.ST,2025-12-31,reported_enterprise_value,528272992.0,3116849.527055,497867008.0,36377516.866045,8496922.381416,746148.629851,,
GAPW-B,GAPW-B.ST,2025-12-31,reported_enterprise_value,468751776.0,-57068000.0,424814560.0,125953000.0,47367000.0,6546000.0,,-0.268683
GARO,GARO.ST,2025-12-31,reported_enterprise_value,553000000.0,-8500000.0,780700032.0,622800000.0,421000000.0,242300000.0,,5.668874
GCOR,GCOR.ST,2025-12-31,reported_enterprise_value,114026160.0,-39326606.0,111681568.0,21259689.0,22633878.0,254193.0,,-0.092831
GENI,GENI.ST,2025-12-31,reported_enterprise_value,489222400.0,39132000.0,443441408.0,95386000.0,32004000.0,1554000.0,,
GENO,GENO.ST,2025-12-31,reported_enterprise_value,1341072512.0,30581000.0,1232913664.0,206622000.0,28071000.0,83931000.0,,1.705292
GETI-B,GETI-B.ST,2025-12-31,reported_enterprise_value,67711074304.0,3805000000.0,76211863552.0,17227000000.0,13042000000.0,4940000000.0,,1.797523
GGEO,GGEO.ST,2025-12-31,reported_enterprise_value,103588712.0,1327000.0,80493552.0,105239000.0,27509000.0,15693000.0,,0.234522
GIG-SDB,GIG-SDB.ST,2025-12-31,reported_enterprise_value,408656864.0,-15203946.0,349105888.0,25416586.0,14352225.0,3897499.0,,0.822627
GIGA,GIGA.ST,2025-12-31,reported_enterprise_value,73258704.0,64743000.0,1437959552.0,255754000.0,838459000.0,1913057000.0,,7.975587
GJAB,GJAB.ST,2025-12-31,reported_enterprise_value,138878576.0,-5458000.0,137067568.0,149672000.0,64767000.0,38288000.0,,22.889811
GOFORE,GOFORE.HE,2025-12-31,reported_enterprise_value,175360128.0,12613000.0,203216336.0,83662000.0,65906000.0,18379000.0,,2.533841
GOMERO,GOMERO.ST,2025-12-31,reported_enterprise_value,54399600.0,2437000.0,31102500.0,36863000.0,16016000.0,1083000.0,,
GOMX,GOMX.ST,2025-12-31,reported_enterprise_value,1913952768.0,-13812000.0,1903494016.0,516808000.0,257662000.0,44185000.0,,7.335285
GOTL-A,GOTL-A.ST,2025-12-31,reported_enterprise_value,6049999872.0,-30219000.0,3365900032.0,3466341000.0,820851000.0,2618498000.0,,0.0
GOTL-B,GOTL-B.ST,2025-12-31,reported_enterprise_value,6099999744.0,-30219000.0,3265900032.0,3466341000.0,820851000.0,2618498000.0,,0.0
GPG,GPG.ST,2025-12-31,reported_enterprise_value,1525878912.0,574000000.0,9343759360.0,514000000.0,1625000000.0,338000000.0,,12.09589
GPX,GPX.ST,2025-12-31,reported_enterprise_value,60328440.0,-5991000.0,65961436.0,26391000.0,15842000.0,1565000.0,,35.159353
GRANGX,GRANGX.ST,2025-12-31,reported_enterprise_value,406527232.0,-1255000.0,1684742400.0,27419000.0,901951000.0,950942000.0,,-108.020717
GREAT,GREAT.ST,2025-12-31,reported_enterprise_value,133994112.0,-52476000.0,124417648.0,72177000.0,13566000.0,69000.0,,-0.003667
GREEN,GREEN.ST,2025-12-31,reported_enterprise_value,892051840.0,322000000.0,3098539776.0,2162000000.0,1240000000.0,1224000000.0,,4.30654
GRK,GRK.HE,2025-12-31,reported_enterprise_value,1142305280.0,54174000.0,907451904.0,418647000.0,298254000.0,95466000.0,,0.522991
GRNG,GRNG.ST,2025-12-31,reported_enterprise_value,18781937664.0,1593000000.0,24692041728.0,10142000000.0,7605000000.0,8686000000.0,,1.990589
GSKR-SDB,GSKR-SDB.ST,2025-12-31,reported_enterprise_value,5822763520.0,-28639190.0,5686513664.0,86192626.0,4535984.0,91838371.0,,-0.013808
HACK,HACK.ST,2025-12-31,reported_enterprise_value,23916509184.0,152518000.0,24080429056.0,165590000.0,23577000.0,3594000.0,,0.017077
HAKI-A,HAKI-A.ST,2025-12-31,reported_enterprise_value,608197440.0,70000000.0,1020085632.0,542000000.0,289000000.0,356000000.0,,2.335196
HAKI-B,HAKI-B.ST,2025-12-31,reported_enterprise_value,590309312.0,70000000.0,990272064.0,542000000.0,289000000.0,356000000.0,,2.335196
HAMLET-B,HAMLET-B.ST,2026-06-30,reported_enterprise_value,1158019328.0,-55789118.0,1126887424.0,7149776.0,8418512.0,456608.0,,-0.0
HANZA,HANZA.ST,2025-12-31,reported_enterprise_value,10691126272.0,364000000.0,12534747136.0,2356000000.0,1396000000.0,1863000000.0,,3.277691
HARVIA,HARVIA.HE,2025-12-31,reported_enterprise_value,787785728.0,36390000.0,853471744.0,122614000.0,33574000.0,38819000.0,,2.347484
HAV-B,HAV-B.ST,2025-12-31,reported_enterprise_value,160040528.0,12948000.0,60820408.0,110362000.0,2076000.0,0.0,,
HAYPP,HAYPP.ST,2025-12-31,reported_enterprise_value,4457193472.0,58314000.0,4915265536.0,659912000.0,520292000.0,108629000.0,,1.017263
HEALTH,HEALTH.HE,2026-06-30,reported_enterprise_value,71829592.0,-18104000.0,45161684.0,40665000.0,6379000.0,10062000.0,,-0.366452
HEART,HEART.ST,2025-12-31,reported_enterprise_value,148711440.0,-35113027.0,118163304.0,18341252.0,7326496.0,1179873.0,,-0.127767
HEBA-B,HEBA-B.ST,2025-12-31,reported_enterprise_value,3631708160.0,559991000.0,10983839744.0,58002000.0,1606692000.0,166380000.0,,11.735945
HEM,HEM.ST,2025-12-31,reported_enterprise_value,6081664512.0,675100000.0,7089660928.0,279800000.0,232900000.0,24800000.0,,0.805957
HERNO-B,HERNO-B.ST,2025-12-31,market_cap_plus_net_debt,129774976.0,5792282.0,116219720.0,27006473.0,10310051.0,23393481.0,,0.0
HEXA-B,HEXA-B.ST,2025-12-31,reported_enterprise_value,273135452160.0,930400000.0,272036626432.0,3877700000.0,3829800000.0,741700000.0,,2.389696
HIAB,HIAB.HE,2025-12-31,reported_enterprise_value,3716994304.0,211300000.0,3546247680.0,1077900000.0,508500000.0,168500000.0,,0.928201
HIGHCO-B,HIGHCO-B.ST,2025-12-31,market_cap_plus_net_debt,150459376.0,4619000.0,271504376.0,175399000.0,28750000.0,99280000.0,,9.559171
HILB-B,HILB-B.ST,2025-12-31,reported_enterprise_value,222927952.0,-214683900.0,267275968.0,19835600.0,45841900.0,4436200.0,,-0.34352
HKFOODS,HKFOODS.HE,2025-12-31,reported_enterprise_value,146013360.0,36000000.0,333854816.0,171800000.0,145700000.0,251700000.0,,2.969325
HM-B,HM-B.ST,2025-11-30,reported_enterprise_value,253424205824.0,18855000000.0,307161399296.0,72495000000.0,61603000000.0,82534000000.0,,1.938917
HMS,HMS.ST,2025-12-31,reported_enterprise_value,28158842880.0,773502000.0,30250649600.0,1368700000.0,879471000.0,426844000.0,,2.168034
HNSA,HNSA.ST,2025-12-31,reported_enterprise_value,3337097984.0,-409910000.0,3857493760.0,796611000.0,410659000.0,13346000.0,,-2.529062
HOLM-A,HOLM-A.ST,2025-12-31,reported_enterprise_value,48439918592.0,3301000000.0,55024484352.0,9896000000.0,7192000000.0,35870000000.0,,1.069465
HOLM-B,HOLM-B.ST,2025-12-31,reported_enterprise_value,48470007808.0,3301000000.0,55626223616.0,9896000000.0,7192000000.0,35870000000.0,,1.069465
HOME-B,HOME-B.ST,2025-12-31,reported_enterprise_value,568604224.0,46645000.0,651303232.0,130238000.0,187612000.0,67280000.0,,1.156797
HTRO,HTRO.ST,2025-12-31,reported_enterprise_value,9414432768.0,262000000.0,11280061440.0,3277000000.0,1661000000.0,1907000000.0,,3.208582
HUFV-A,HUFV-A.ST,2025-12-31,reported_enterprise_value,21373761536.0,1382500000.0,33506902016.0,951500000.0,4170400000.0,1083400000.0,,8.516444
HUH1V,HUH1V.HE,2025-12-31,reported_enterprise_value,2792632064.0,334800000.0,4140527104.0,1645100000.0,1031700000.0,1756600000.0,,2.876158
HUM,HUM.ST,2025-12-31,reported_enterprise_value,3478546688.0,520000000.0,7544760832.0,1488000000.0,2236000000.0,3310000000.0,,3.972924
HUMBLE,HUMBLE.ST,2025-12-31,reported_enterprise_value,2318718208.0,224000000.0,4402440704.0,2169000000.0,1411000000.0,865000000.0,,4.057348
HUSQ-A,HUSQ-A.ST,2025-12-31,reported_enterprise_value,19872720896.0,2906000000.0,30453690368.0,23224000000.0,13385000000.0,8309000000.0,,2.175867
HUSQ-B,HUSQ-B.ST,2025-12-31,reported_enterprise_value,19758344192.0,2906000000.0,30305001472.0,23224000000.0,13385000000.0,8309000000.0,,2.175867
ICO,ICO.ST,2025-12-31,reported_enterprise_value,120695760.0,-42966194.0,87412896.0,11993456.0,11900837.0,8629082.0,,-0.098308
ICP1V,ICP1V.HE,2025-12-31,reported_enterprise_value,251408064.0,23835000.0,263655456.0,162403000.0,44446000.0,27649000.0,,0.920714
IDLDX,IDLDX.ST,2025-12-31,reported_enterprise_value,84542520.0,-11714000.0,62074596.0,56727000.0,17666000.0,14894000.0,,-1.639539
IDUN-B,IDUN-B.ST,2025-12-31,reported_enterprise_value,3753033472.0,195000000.0,5085570560.0,1007000000.0,503000000.0,441000000.0,,2.672973
IMMU,IMMU.ST,2025-12-31,reported_enterprise_value,390423008.0,-109975000.0,355556096.0,73094000.0,27122000.0,21993000.0,,-0.181797
IMPC,IMPC.ST,2025-12-31,reported_enterprise_value,307240480.0,-45100000.0,311666816.0,137400000.0,50800000.0,51700000.0,,-0.728261
INDT,INDT.ST,2025-12-31,reported_enterprise_value,95015436288.0,3789000000.0,103723925504.0,13635000000.0,6888000000.0,4487000000.0,,1.731774
INDU-A,ATCO-A.ST,2025-12-31,reported_enterprise_value,1017192382464.0,34553000000.0,1044922892288.0,87018000000.0,56006000000.0,33505000000.0,,0.790118
INFREA,INFREA.ST,2025-12-31,reported_enterprise_value,374232864.0,28700000.0,506939712.0,738900000.0,414900000.0,170000000.0,,1.843456
INISS-B,INISS-B.ST,2025-12-31,reported_enterprise_value,1629030272.0,72100000.0,2159974656.0,1083700000.0,739300000.0,333700000.0,,3.108709
INQ,INQ.ST,2025-12-31,reported_enterprise_value,179464656.0,-111316000.0,237826272.0,19518000.0,70753000.0,3633000.0,,-0.231207
INSTAL,INSTAL.ST,2025-12-31,reported_enterprise_value,11408879616.0,649000000.0,15235202048.0,3331000000.0,3066000000.0,1051000000.0,,3.180672
INTEA-B,INTEA-B.ST,2025-12-31,reported_enterprise_value,19267794944.0,2012000000.0,33689210880.0,703000000.0,7836000000.0,87000000.0,,6.760773
INTEA-D,INTEA-D.ST,2025-12-31,reported_enterprise_value,8447742464.0,2012000000.0,23013810176.0,703000000.0,7836000000.0,87000000.0,,6.760773
INTEG-B,INTEG-B.ST,2026-04-30,reported_enterprise_value,237611072.0,-53084898.0,226676480.0,83682901.0,30196256.0,9319200.0,,-0.092479
INTRUM,INTRUM.ST,2025-12-31,reported_enterprise_value,9020409856.0,3524000000.0,54986620928.0,9202000000.0,7781000000.0,727000000.0,,4.84385
INWI,INWI.ST,2025-12-31,reported_enterprise_value,10719120384.0,823500000.0,13753990144.0,2195900000.0,2152500000.0,2092200000.0,,2.31944
IPCO,IPCO.ST,2025-12-31,reported_enterprise_value,27350933504.0,88305000.0,27584460800.0,130302000.0,160248000.0,1786568000.0,,2.232708
IQMX,IQMX.HE,2025-12-31,reported_enterprise_value,1790739328.0,-52925000.0,1358780544.0,194903000.0,38292000.0,68881000.0,,-0.624667
IRIS,IRIS.ST,2025-12-31,reported_enterprise_value,101045120.0,-194730000.0,127342504.0,30327000.0,57848000.0,815000.0,,-0.39874
IRLAB-A,IRLAB-A.ST,2025-12-31,reported_enterprise_value,269168576.0,-92023000.0,265992320.0,88468000.0,110086000.0,5474000.0,,-0.354625
IS,IS.ST,2025-12-31,reported_enterprise_value,52706988.0,-14300000.0,83483704.0,47900000.0,68900000.0,15300000.0,,1.242105
ISOFOL,ISOFOL.ST,2025-12-31,reported_enterprise_value,244855600.0,-54167000.0,124258752.0,129397000.0,20914000.0,0.0,,-0.072886
ITAB,ITAB.ST,2025-12-31,reported_enterprise_value,4058880768.0,385000000.0,7382091776.0,5156000000.0,4130000000.0,1935000000.0,,4.56243
ITECH,ITECH.ST,2025-12-31,reported_enterprise_value,847043008.0,42778000.0,678039744.0,176189000.0,19348000.0,1954000.0,,0.0
IVACC,IVACC.ST,2025-12-31,reported_enterprise_value,323772512.0,-80802000.0,204158608.0,174976000.0,19453000.0,329000.0,,-0.001737
IZAFE-B,IZAFE-B.ST,2025-12-31,reported_enterprise_value,133913896.0,-16030000.0,133953504.0,6419000.0,8913000.0,4425000.0,,-0.0
JM,JM.ST,2025-12-31,reported_enterprise_value,7398705152.0,343000000.0,20645111808.0,23013000000.0,13079000000.0,251000000.0,,20.032609
JOMA,JOMA.ST,2025-12-31,reported_enterprise_value,4074914816.0,730700000.0,12133768192.0,199700000.0,2195600000.0,464000000.0,,9.787243
K2A-B,K2A-B.ST,2025-12-31,reported_enterprise_value,344098816.0,463000000.0,4419999744.0,409300000.0,2887800000.0,25300000.0,,9.164457
K2A-PREF,K2A-PREF.ST,2025-12-31,reported_enterprise_value,,463000000.0,12361869312.0,409300000.0,2887800000.0,25300000.0,,9.164457
K33,K33.ST,2025-12-31,reported_enterprise_value,332731424.0,-67300000.0,330931488.0,25452000.0,10754000.0,0.0,,-1.896176
KABE-B,KABE-B.ST,2025-12-31,reported_enterprise_value,2177999872.0,101000000.0,1904999936.0,1743000000.0,489000000.0,311000000.0,,0.316456
KALMAR,KALMAR.HE,2025-12-31,reported_enterprise_value,2409987840.0,225800000.0,2436688128.0,1110200000.0,645000000.0,278100000.0,,1.014878
KAMBI,KAMBI.ST,2025-12-31,reported_enterprise_value,4483697664.0,9334000.0,4480247296.0,85351000.0,20278000.0,7729000.0,,0.100743
KAMUX,KAMUX.HE,2025-12-31,reported_enterprise_value,55717288.0,-900000.0,106135704.0,136200000.0,51200000.0,41100000.0,,3.625
KAR,KAR.ST,2025-12-31,reported_enterprise_value,7379531264.0,1143000000.0,9287093248.0,1523700000.0,1765200000.0,214600000.0,,1.393098
KARNEL-B,KARNEL-B.ST,2025-12-31,reported_enterprise_value,5582191616.0,214200000.0,6396284928.0,671600000.0,332100000.0,424600000.0,,1.580596
KAV,KAV.ST,2025-12-31,reported_enterprise_value,55818748.0,-20690627.0,54843164.0,5200836.0,2119685.0,335380.0,,
KBC,KBC.ST,2025-12-31,reported_enterprise_value,2234400000.0,175497000.0,3389295104.0,942175000.0,1076093000.0,1143036000.0,,2.690869
KCR,KCR.HE,2025-12-31,reported_enterprise_value,7433466880.0,552800000.0,7361909760.0,2568900000.0,1777100000.0,439600000.0,,0.681508
KEBNI-B,KEBNI-B.ST,2025-12-31,market_cap_plus_net_debt,190316032.0,784000.0,173310032.0,63599000.0,37052000.0,4368000.0,,0.0
KEMIRA,KEMIRA.HE,2025-12-31,reported_enterprise_value,2429381632.0,283900000.0,3114797312.0,967900000.0,599600000.0,1147700000.0,,1.545117
KEMPOWR,KEMPOWR.HE,2025-12-31,reported_enterprise_value,492355072.0,-12772200.0,490228352.0,179410000.0,122318900.0,45934100.0,,36.205608
KENH,KENH.ST,2025-12-31,reported_enterprise_value,74071760.0,7543000.0,81221488.0,24120000.0,17361000.0,590000.0,,0.347478
KEOC,KEOC.ST,2025-12-31,market_cap_plus_net_debt,2767273216.0,-17582000.0,2731870216.0,114329000.0,1089000.0,34000.0,,-2.784006
KESKOA,KESKOA.HE,2025-12-31,reported_enterprise_value,8743613440.0,647800000.0,12418830336.0,2713300000.0,2790400000.0,4661000000.0,,2.867335
KESKOB,KESKOB.HE,2025-12-31,reported_enterprise_value,9050336256.0,647800000.0,12793272320.0,2713300000.0,2790400000.0,4661000000.0,,2.867335
KFAST-B,KFAST-B.ST,2025-12-31,reported_enterprise_value,2457471744.0,499000000.0,19322691584.0,632000000.0,3008700000.0,152900000.0,,28.145011
KHG,KHG.HE,2025-12-31,reported_enterprise_value,54013372.0,5613000.0,123000264.0,84488000.0,58927000.0,50722000.0,,2.169114
KJELL,KJELL.ST,2025-12-31,reported_enterprise_value,1506319872.0,-371493000.0,2034040192.0,681025000.0,1094956000.0,445408000.0,,9.5508
KLAR,KLAR.ST,2025-12-31,reported_enterprise_value,144142032.0,-33530000.0,136905904.0,2393000.0,34876000.0,591000.0,,-1.120299
KLARA-B,KLARA-B.ST,2025-12-31,reported_enterprise_value,2043982848.0,718100000.0,7045982720.0,1121200000.0,1439300000.0,3700000.0,,7.412524
KLIMAT,KLIMAT.ST,2025-12-31,reported_enterprise_value,143749472.0,1394042.0,146208960.0,26687320.0,17041993.0,382110.0,,0.795734
KNEBV,KNEBV.HE,2025-12-31,reported_enterprise_value,26225152000.0,1367200000.0,25978202112.0,5681400000.0,5273100000.0,942500000.0,,0.508506
KNOW,KNOW.ST,2025-12-31,reported_enterprise_value,2519482368.0,-205843000.0,3074300672.0,1693505000.0,1517297000.0,464711000.0,,1.431869
KOSKI,KOSKI.HE,2025-12-31,reported_enterprise_value,195646912.0,15008000.0,255291376.0,142338000.0,72907000.0,172141000.0,,2.680526
KPYOSK,KPYOSK.HE,2025-12-31,reported_enterprise_value,88575792.0,16714300.0,140882816.0,74794100.0,33526400.0,172118300.0,,4.491682
KREATE,KREATE.HE,2025-12-31,reported_enterprise_value,342448736.0,10235000.0,389274560.0,77432000.0,96384000.0,34009000.0,,3.012623
KRONA,KRONA.ST,2025-12-31,reported_enterprise_value,458245152.0,86524000.0,1216608128.0,269272000.0,1025546000.0,102000.0,,11.292601
KSL,KSL.HE,2025-12-31,reported_enterprise_value,101469056.0,12897000.0,142520032.0,51177000.0,69007000.0,45210000.0,,2.92569
LAGR-B,LAGR-B.ST,2026-03-31,reported_enterprise_value,48200036352.0,1696000000.0,52822011904.0,4317000000.0,3161000000.0,1339000000.0,,1.964551
LAMM-B,LAMM-B.ST,2025-12-31,reported_enterprise_value,208831808.0,17000000.0,362877280.0,300200000.0,325200000.0,154100000.0,,2.992793
LASTIK,LASTIK.HE,2024-12-31,reported_enterprise_value,250632096.0,40500000.0,421890432.0,69600000.0,113900000.0,209900000.0,,0.685273
LATO-B,LATO-B.ST,2025-12-31,reported_enterprise_value,129142292480.0,6303000000.0,142705623040.0,13535000000.0,11047000000.0,4264000000.0,,2.677005
LEMON,LEMON.HE,2025-12-31,reported_enterprise_value,90751272.0,7114000.0,97940832.0,9831000.0,9559000.0,846000.0,,1.128805
LEMSE,LEMSE.ST,2025-10-31,reported_enterprise_value,472808992.0,-3195250.0,451781504.0,2277571.0,384380.0,28057958.0,,-0.006032
LEVEL,LEVEL.ST,2025-12-31,reported_enterprise_value,59483104.0,3960000.0,146372288.0,142045000.0,155562000.0,19525000.0,,2.49699
LGOLD-B,LGOLD-B.ST,2025-12-31,reported_enterprise_value,176286336.0,-6991000.0,155947328.0,4447000.0,796000.0,230000.0,,-0.0
LIAB,LIAB.ST,2025-12-31,reported_enterprise_value,9614085120.0,1117000000.0,13887788032.0,4872000000.0,2694000000.0,3314000000.0,,2.496089
LIFCO-B,LIFCO-B.ST,2025-12-31,reported_enterprise_value,146893537280.0,5164000000.0,156479438848.0,10672000000.0,10788000000.0,3150000000.0,,1.561601
LIGR,LIGR.ST,2025-12-31,reported_enterprise_value,57997840.0,-4373000.0,63172884.0,39511000.0,23558000.0,356000.0,,-13.235004
LIME,LIME.ST,2025-12-31,reported_enterprise_value,3291215616.0,147606000.0,3360163840.0,177048000.0,332575000.0,29331000.0,,0.787807
LINDEX,LINDEX.HE,2025-12-31,reported_enterprise_value,357793952.0,67400000.0,905690816.0,344800000.0,357900000.0,600200000.0,,3.93554
LITI,LITI.ST,2025-12-31,reported_enterprise_value,194460128.0,-2852000.0,186578960.0,33206000.0,20998000.0,337000.0,,0.0
LOGI-B,LOGI-B.ST,2025-12-31,reported_enterprise_value,6221542912.0,1414000000.0,15201975296.0,625000000.0,1079000000.0,53000000.0,,5.739958
LOGIST-A,LOGIST-A.ST,2025-12-31,reported_enterprise_value,1401908352.0,249824000.0,3183669248.0,428214000.0,197922000.0,8535000.0,,6.653168
LOGIST-B,LOGIST-B.ST,2025-12-31,market_cap_plus_net_debt,1082596864.0,249824000.0,2349755864.0,428214000.0,197922000.0,8535000.0,,6.653168
LOIHDE,LOIHDE.HE,2025-12-31,reported_enterprise_value,76078944.0,3496000.0,79362640.0,53544000.0,36941000.0,17636000.0,,1.173359
LOOMIS,LOOMIS.ST,2025-12-31,reported_enterprise_value,37342613504.0,3025000000.0,48042618880.0,13632000000.0,12315000000.0,11669000000.0,,2.696345
LOYAL,LOYAL.ST,2026-06-30,reported_enterprise_value,83979984.0,5248701.0,83653280.0,20983757.0,27011838.0,21427.0,,4.647209
LUC,LUC.ST,2025-12-31,reported_enterprise_value,1704951296.0,37750000.0,1818218496.0,104581000.0,71016000.0,597166000.0,,5.069327
LUG,LUG.ST,2025-12-31,reported_enterprise_value,148216446976.0,1123542000.0,148101251072.0,983164000.0,388510000.0,774766000.0,,0.219424
LUMEN,LUMEN.ST,2025-12-31,reported_enterprise_value,636643840.0,24262000.0,528140352.0,163746000.0,28964000.0,7491000.0,,0.126622
LUMI,LUMI.ST,2025-12-31,reported_enterprise_value,208157409280.0,1216400000.0,208590536704.0,2036300000.0,1240500000.0,7009300000.0,,0.244974
LUMO,LUMO.HE,2025-12-31,reported_enterprise_value,1852353408.0,148000000.0,5671577600.0,292000000.0,361100000.0,19500000.0,,22.745137
LUND-B,LUND-B.ST,2025-12-31,reported_enterprise_value,140740001792.0,16133000000.0,213814820864.0,12597000000.0,14010000000.0,12960000000.0,,1.391484
LUOTEA,LUOTEA.HE,2025-12-31,reported_enterprise_value,66755660.0,3300000.0,76675208.0,74900000.0,81700000.0,20900000.0,,0.411642
LYGRD,LYGRD.ST,2025-12-31,reported_enterprise_value,199423376.0,6865003.0,204561760.0,73340504.0,54089661.0,3209134.0,,0.663105
LYKO-A,LYKO-A.ST,2025-12-31,reported_enterprise_value,1632047232.0,75100000.0,2971909376.0,1278900000.0,1640200000.0,1353400000.0,,5.681107
MAGI,MAGI.ST,2025-08-31,reported_enterprise_value,238868992.0,-10851000.0,184540992.0,160179000.0,40751000.0,8953000.0,,0.400145
MAVEN,MAVEN.ST,2025-12-31,reported_enterprise_value,270994944.0,-8352000.0,292031936.0,55844000.0,51063000.0,4242000.0,,23.040586
MCAP,MCAP.ST,2025-12-31,reported_enterprise_value,7652558848.0,320500000.0,7833046528.0,991400000.0,494500000.0,379200000.0,,1.019206
MCOV-B,MCOV-B.ST,2025-12-31,reported_enterprise_value,39285350400.0,162400000.0,39986765824.0,496500000.0,707700000.0,1049200000.0,,3.819098
MEAB-B,MEAB-B.ST,2025-12-31,reported_enterprise_value,240800000.0,-11964000.0,260926000.0,331459000.0,94511000.0,117192000.0,,
MEDS,MEDS.ST,2025-12-31,reported_enterprise_value,430874528.0,-1978000.0,370312960.0,229530000.0,140655000.0,17647000.0,,0.387015
MEKKO,MEKKO.HE,2025-12-31,reported_enterprise_value,372973760.0,31500000.0,384476832.0,93600000.0,34600000.0,32400000.0,,0.715663
MEKO,MEKO.ST,2025-12-31,reported_enterprise_value,3751761664.0,474000000.0,9489163264.0,8099000000.0,5221000000.0,3863000000.0,,4.344735
MER,MER.ST,2025-12-31,reported_enterprise_value,9803672576.0,51400000.0,9978704896.0,348800000.0,367700000.0,1460900000.0,,1.281874
META,META.ST,2025-12-31,reported_enterprise_value,211124112.0,-56882865.0,178866832.0,143024981.0,101038572.0,19401199.0,,-0.078324
METSA,METSA.HE,2025-12-31,reported_enterprise_value,1463225984.0,-166900000.0,1788499968.0,932700000.0,566800000.0,1265500000.0,,-394.153846
METSB,METSB.HE,2025-12-31,reported_enterprise_value,1122990464.0,-166900000.0,1500819968.0,932700000.0,566800000.0,1265500000.0,,-394.153846
METSO,METSO.HE,2025-12-31,reported_enterprise_value,13945431040.0,722000000.0,15257960448.0,4116000000.0,2743000000.0,732000000.0,,1.755507
MIDS,MIDS.ST,2025-12-31,reported_enterprise_value,687447104.0,-47645000.0,656332416.0,131772000.0,97323000.0,212575000.0,,-68.069774
MILDEF,MILDEF.ST,2025-12-31,reported_enterprise_value,10973110272.0,208900000.0,11723823104.0,1334300000.0,647300000.0,254500000.0,,2.41651
MINEST,MINEST.ST,2025-12-31,reported_enterprise_value,272596960.0,-34380000.0,242972544.0,77586000.0,21740000.0,335000.0,,-0.014651
MIPS,MIPS.ST,2025-12-31,reported_enterprise_value,10575256576.0,158000000.0,10613291008.0,432000000.0,148000000.0,59000000.0,,1.847458
MMGR-B,MMGR-B.ST,2025-12-31,reported_enterprise_value,6397100032.0,282000000.0,7301198336.0,948000000.0,660000000.0,282000000.0,,1.397753
MNTC,MNTC.ST,2025-12-31,reported_enterprise_value,420479744.0,-26947000.0,368752864.0,175939000.0,164320000.0,26381000.0,,3.826433
MOB,MOB.ST,2025-12-31,reported_enterprise_value,520875776.0,-23840000.0,314886848.0,237911000.0,16174000.0,2813000.0,,-0.114565
MODEL,MODEL.ST,2025-12-31,reported_enterprise_value,145797648.0,-32322000.0,113597648.0,61326000.0,45846000.0,1292000.0,,
MOFAST,MOFAST.ST,2025-12-31,reported_enterprise_value,515178720.0,91462000.0,1552917120.0,57530000.0,880468000.0,11199000.0,,15.373182
MOMENT,MOMENT.ST,2025-12-31,reported_enterprise_value,124047816.0,79520000.0,627136256.0,320375000.0,390858000.0,409083000.0,,3.962027
MRSELL,MRSELL.ST,2025-12-31,market_cap_plus_net_debt,129320968.0,-12670492.0,141248410.0,24652695.0,23705326.0,1130895.0,,-2.312907
MSAB-B,MSAB-B.ST,2025-12-31,reported_enterprise_value,1699093120.0,64645000.0,1638136832.0,269161000.0,153026000.0,19763000.0,,0.19741
MSON-A,MSON-A.ST,2025-12-31,reported_enterprise_value,2137792768.0,55000000.0,2454792704.0,1251000000.0,595000000.0,292000000.0,,3.121827
MSON-B,MSON-B.ST,2025-12-31,reported_enterprise_value,1534266240.0,55000000.0,1858537600.0,1251000000.0,595000000.0,292000000.0,,3.121827
MTG-A,MTG-A.ST,2025-12-31,reported_enterprise_value,15271702528.0,703000000.0,19121090560.0,2519000000.0,4248000000.0,368000000.0,,1.78568
MTG-B,MTG-B.ST,2025-12-31,reported_enterprise_value,15693564928.0,703000000.0,19228243968.0,2519000000.0,4248000000.0,368000000.0,,1.78568
MTRS,MTRS.ST,2025-12-31,reported_enterprise_value,24195868672.0,1218000000.0,30570485760.0,6727000000.0,6680000000.0,3470000000.0,,4.021838
MUSTI,MUSTI.HE,2025-12-31,reported_enterprise_value,477446816.0,6886000.0,714533760.0,113788000.0,137712000.0,136759000.0,,4.059578
MVIR,MVIR.ST,2025-12-31,reported_enterprise_value,1012419072.0,-91988000.0,792846016.0,123759000.0,33808000.0,6949000.0,,-0.141051
MYCR,MYCR.ST,2025-12-31,reported_enterprise_value,68735090688.0,1987000000.0,67678715904.0,6449000000.0,2798000000.0,697000000.0,,0.150194
NANEXA,NANEXA.ST,2025-12-31,reported_enterprise_value,1811026176.0,-8380000.0,1856692992.0,53575000.0,35495000.0,9837000.0,,0.528379
NANOFH,NANOFH.HE,2025-12-31,reported_enterprise_value,71691064.0,-17826000.0,59358676.0,26518000.0,6146000.0,24321000.0,,-0.424867
NANOFS,NANOFS.ST,2025-12-31,reported_enterprise_value,792374848.0,-17826000.0,792692608.0,26518000.0,6146000.0,24321000.0,,-0.424867
NAVIGO-PREF,NAVIGO-PREF.ST,2025-12-31,reported_enterprise_value,13133170688.0,57851000.0,13047726080.0,311898000.0,290999000.0,73811000.0,,1.993735
NAVIGO-STAM,NAVIGO-STAM.ST,2025-12-31,reported_enterprise_value,450801120.0,57851000.0,392204640.0,311898000.0,290999000.0,73811000.0,,1.993735
NCAB,NCAB.ST,2025-12-31,reported_enterprise_value,16472165376.0,319860000.0,17589143552.0,1549352000.0,872531000.0,78329000.0,,2.633439
NCC-A,NCC-A.ST,2025-12-31,reported_enterprise_value,17074618368.0,826000000.0,21707999232.0,21925000000.0,16039000000.0,4296000000.0,,1.851887
NCC-B,NCC-B.ST,2025-12-31,reported_enterprise_value,16947049472.0,826000000.0,21698199552.0,21925000000.0,16039000000.0,4296000000.0,,1.851887
NEEMS-B,NEEMS-B.ST,2025-12-31,reported_enterprise_value,67897280.0,-6110000.0,69587104.0,9138000.0,10014000.0,119000.0,,-0.0
NELLY,NELLY.ST,2025-12-31,reported_enterprise_value,893899904.0,167800000.0,878223808.0,489600000.0,318800000.0,288600000.0,,1.286867
NEO-B,NEO-B.ST,2025-12-31,market_cap_plus_net_debt,86024248.0,-8568348.0,72360894.0,54216442.0,76040338.0,681458.0,,7.276855
NEOBO,NEOBO.ST,2025-12-31,reported_enterprise_value,2309310208.0,419000000.0,9126925312.0,281000000.0,351000000.0,2000000.0,,16.456057
NEOLA,NEOLA.ST,2025-12-31,reported_enterprise_value,52587024.0,-10833000.0,34164616.0,17238000.0,2999000.0,215000.0,,
NEPA,NEPA.ST,2025-12-31,reported_enterprise_value,115588832.0,-32657000.0,103828064.0,66138000.0,64846000.0,191000.0,,
NESTE,NESTE.HE,2025-12-31,reported_enterprise_value,24538949632.0,350000000.0,27790856192.0,5818000000.0,3085000000.0,8909000000.0,,4.037383
NETEL,NETEL.ST,2025-12-31,reported_enterprise_value,292360128.0,-31000000.0,1214237952.0,1100000000.0,747000000.0,198000000.0,,21.113208
NETI-B,NETI-B.ST,2025-12-31,reported_enterprise_value,959860288.0,4703000.0,944041280.0,421018000.0,133648000.0,50232000.0,,0.401677
NEWA-B,NEWA-B.ST,2025-12-31,reported_enterprise_value,11855591424.0,1149000000.0,15357494272.0,8589000000.0,2485000000.0,2214000000.0,,2.437956
NEXAM,NEXAM.ST,2025-12-31,reported_enterprise_value,251522144.0,-12356000.0,256964576.0,75283000.0,42627000.0,52489000.0,,7.439137
NFGAB,NFGAB.ST,2025-12-31,reported_enterprise_value,73869768.0,2786000.0,95570400.0,73613000.0,87297000.0,26159000.0,,3.394647
NIBE-B,NIBE-B.ST,2025-12-31,reported_enterprise_value,90118168576.0,4204000000.0,107570995200.0,21651000000.0,13951000000.0,12416000000.0,,3.437864
NICA,NICA.ST,2025-12-31,reported_enterprise_value,101589880.0,-47311000.0,135832112.0,67668000.0,36676000.0,10979000.0,,-0.615647
NIO,NIO.ST,2025-12-31,reported_enterprise_value,263511296.0,-19337000.0,241784144.0,46195000.0,18332000.0,2301000.0,,-0.111046
NIVI-B,NIVI-B.ST,2025-12-31,reported_enterprise_value,3298250752.0,646000000.0,10637921280.0,865000000.0,533000000.0,176000000.0,,10.362538
NMAN,NMAN.ST,2025-12-31,reported_enterprise_value,4317177344.0,513700000.0,6500636160.0,2794200000.0,1722400000.0,1077400000.0,,3.082949
NNH,NNH.ST,2025-12-31,reported_enterprise_value,110894080.0,14644000.0,136495280.0,223997000.0,140290000.0,4050000.0,,1.959027
NOBI,NOBI.ST,2025-12-31,reported_enterprise_value,2001872128.0,-216000000.0,5208815104.0,3003000000.0,3489000000.0,4514000000.0,,6.275668
NOHO,NOHO.HE,2025-12-31,reported_enterprise_value,156570368.0,32700000.0,487469216.0,46500000.0,148600000.0,231500000.0,,3.708046
NOKIA,NOKIA.HE,2025-12-31,reported_enterprise_value,52515287040.0,1134000000.0,50998046720.0,15792000000.0,10004000000.0,2490000000.0,,1.958722
NOKIA-SEK,NOKIA-SEK.ST,2025-12-31,reported_enterprise_value,588977405952.0,1134000000.0,592622125056.0,15792000000.0,10004000000.0,2490000000.0,,1.958722
NOLA-B,NOLA-B.ST,2025-12-31,reported_enterprise_value,14950641664.0,1029000000.0,16230642688.0,3724000000.0,2156000000.0,3361000000.0,,0.911028
NORB-B,NORB-B.ST,2025-12-31,reported_enterprise_value,562075840.0,123700000.0,2042478720.0,1125900000.0,773900000.0,1254800000.0,,3.550863
NOSA,NOSA.ST,2025-12-31,reported_enterprise_value,124882832.0,-8177000.0,108865720.0,27667000.0,13486000.0,4454000.0,,-0.167957
NOTE,NOTE.ST,2025-12-31,reported_enterprise_value,5195845120.0,381358000.0,6893016064.0,2074717000.0,1446874000.0,626079000.0,,1.633741
NOTEK,NOTEK.ST,2024-08-31,reported_enterprise_value,122207560.0,5694000.0,162239808.0,115385000.0,34609000.0,1237000.0,,3.774509
NP3,NP3.ST,2025-12-31,reported_enterprise_value,13621248000.0,2183000000.0,29333612544.0,642000000.0,1945000000.0,172000000.0,,6.501142
NP3-PREF,NP3-PREF.ST,2025-12-31,reported_enterprise_value,,2183000000.0,17601466368.0,642000000.0,1945000000.0,172000000.0,,6.501142
NREST,NREST.ST,2025-12-31,reported_enterprise_value,3334192640.0,268209000.0,3416158208.0,663835000.0,480866000.0,185095000.0,,0.18878
NTEK-B,NTEK-B.ST,2025-12-31,reported_enterprise_value,657200000.0,52522000.0,529300000.0,404611000.0,327433000.0,28363000.0,,0.346918
NXTCL,NXTCL.ST,2025-12-31,reported_enterprise_value,131448672.0,-39348677.0,110360176.0,41395880.0,8027468.0,14267511.0,,
NXTMH,NXTMH.HE,2025-12-31,reported_enterprise_value,67790976.0,759278.01,65349700.0,7466189.19,5883819.59,363291.06,,2.255941
NYAB,NYAB.ST,2025-12-31,reported_enterprise_value,5416331264.0,29487000.0,5511110144.0,164400000.0,127579000.0,20253000.0,,0.442747
NYOR,NYOR.ST,2025-12-31,reported_enterprise_value,377303520.0,13840000.0,404242112.0,666027000.0,709026000.0,43579000.0,,1.059422
OBAB,OBAB.ST,2025-12-31,reported_enterprise_value,496439136.0,-3260000.0,459803808.0,167861000.0,129101000.0,4658000.0,,1.231667
OBSE,OBSE.ST,2025-12-31,market_cap_plus_net_debt,427008160.0,2408326.0,405658401.0,44072349.0,22380964.0,181000.0,,0.1985
OEM-B,OEM-B.ST,2025-12-31,reported_enterprise_value,25000955904.0,756200000.0,25046427648.0,2743900000.0,658600000.0,471100000.0,,0.126584
OGUN-B,OGUN-B.ST,2025-12-31,reported_enterprise_value,231303456.0,18598000.0,218127616.0,105661000.0,60208000.0,11630000.0,,0.23644
OLVAS,OLVAS.HE,2025-12-31,reported_enterprise_value,630400576.0,83996000.0,700072640.0,298117000.0,203482000.0,263155000.0,,0.385063
ONCO,ONCO.ST,2025-12-31,reported_enterprise_value,802376768.0,-233717000.0,810033408.0,117717000.0,45062000.0,17681000.0,,-0.622125
ONEF,ONEF.ST,2025-12-31,reported_enterprise_value,509070400.0,-49623000.0,491092192.0,90463000.0,131227000.0,17669000.0,,-9.125076
OODA,OODA.ST,2025-12-31,reported_enterprise_value,87064800.0,-124739000.0,93981208.0,20214000.0,19672000.0,26000.0,,-0.012052
OPSYH,OPSYH.ST,2025-12-31,reported_enterprise_value,116812560.0,-17102000.0,116221568.0,2155000.0,5895000.0,28000.0,,-0.099058
OPTER,OPTER.ST,2025-12-31,reported_enterprise_value,459600000.0,25155000.0,453967008.0,49122000.0,14664000.0,0.0,,
OPTI,OPTI.ST,2025-12-31,reported_enterprise_value,167700800.0,-85365000.0,184544752.0,51646000.0,83192000.0,4844000.0,,-0.639563
ORIOLA,ORIOLA.HE,2025-12-31,reported_enterprise_value,147948832.0,-23700000.0,115559776.0,656800000.0,790100000.0,43200000.0,,-11.666667
ORNAV,ORNAV.HE,2025-12-31,reported_enterprise_value,11387758592.0,636000000.0,11328135168.0,1344300000.0,560300000.0,457400000.0,,0.440739
ORNBV,ORNBV.HE,2025-12-31,reported_enterprise_value,11383691264.0,636000000.0,11384481792.0,1344300000.0,560300000.0,457400000.0,,0.440739
ORRON,ORRON.ST,2025-12-31,reported_enterprise_value,2129993600.0,-25400000.0,2179748864.0,50000000.0,9600000.0,278300000.0,,-12.517647
ORT-B,ORT-B.ST,2025-12-31,reported_enterprise_value,339199904.0,-19185938.0,271785728.0,40856571.0,18625831.0,479911.0,,
ORTHEX,ORTHEX.HE,2025-12-31,reported_enterprise_value,80447616.0,9823000.0,93633728.0,40665000.0,21701000.0,22170000.0,,1.6678
ORTI-A,ORTI-A.ST,2025-12-31,reported_enterprise_value,152417696.0,-18518000.0,167463008.0,29772000.0,30428000.0,2513000.0,,-1.332355
ORTI-B,ORTI-B.ST,2025-12-31,reported_enterprise_value,132922400.0,-18518000.0,158603008.0,29772000.0,30428000.0,2513000.0,,-1.332355
OSSD,OSSD.ST,2025-12-31,reported_enterprise_value,385531296.0,-49840000.0,240571856.0,245806000.0,35268000.0,1906000.0,,-0.029827
OUT1V,OUT1V.HE,2025-12-31,reported_enterprise_value,2394598912.0,-120000000.0,2597386752.0,2485000000.0,1525000000.0,2032000000.0,,6.147059
OVZON,OVZON.ST,2025-12-31,reported_enterprise_value,3780884480.0,183000000.0,3927281920.0,540000000.0,779000000.0,2150000000.0,,1.290419
OXE,OXE.ST,2025-12-31,reported_enterprise_value,165032080.0,-60910000.0,244675136.0,181119000.0,110255000.0,4431000.0,,-2.583328
PACT,PACT.ST,2025-12-31,reported_enterprise_value,3519066624.0,148712000.0,3660827904.0,1946901000.0,2185915000.0,327018000.0,,1.326457
PAMPALO,PAMPALO.HE,2025-12-31,reported_enterprise_value,370885728.0,5500000.0,382965376.0,23900000.0,16700000.0,62100000.0,,0.964789
PAX,PAX.ST,2025-12-31,reported_enterprise_value,1547682176.0,5696000.0,1447438080.0,223235000.0,56300000.0,45985000.0,,0.435052
PCELL,PCELL.ST,2025-12-31,reported_enterprise_value,1113136256.0,-19965000.0,1163347712.0,439677000.0,198858000.0,39515000.0,,2.757997
PDX,PDX.ST,2025-12-31,reported_enterprise_value,14669777920.0,169469000.0,15286948864.0,1828268000.0,380309000.0,180001000.0,,0.122466
PEAB-B,PEAB-B.ST,2025-12-31,reported_enterprise_value,26158135296.0,2154000000.0,38328451072.0,31473000000.0,20152000000.0,7401000000.0,,2.899451
PEXA-B,PEXA-B.ST,2025-12-31,reported_enterprise_value,64933424.0,-6244780.0,38306464.0,8748810.0,2822242.0,1080178.0,,
PIERCE,PIERCE.ST,2025-12-31,reported_enterprise_value,696268416.0,8000000.0,486408736.0,708000000.0,352000000.0,130000000.0,,1.95
PIHLIS,PIHLIS.HE,2025-12-31,reported_enterprise_value,236585936.0,53209000.0,526386784.0,91080000.0,125580000.0,227127000.0,,2.74896
PILA,PILA.ST,2025-12-31,reported_enterprise_value,76974368.0,-16998965.0,76229888.0,16152625.0,1572530.0,0.0,,-0.0
PION-B,PION-B.ST,2025-12-31,reported_enterprise_value,333376064.0,931000.0,345730112.0,391930000.0,328940000.0,20223000.0,,1.206898
PLAZ-B,PLAZ-B.ST,2025-12-31,reported_enterprise_value,7207131136.0,1390000000.0,22190184448.0,388000000.0,3668000000.0,59000000.0,,10.733813
PLEJD,PLEJD.ST,2025-12-31,reported_enterprise_value,10594768896.0,229726000.0,10457145344.0,587483000.0,266562000.0,140289000.0,,0.291618
PNDX-B,PNDX-B.ST,2025-12-31,reported_enterprise_value,29268291584.0,5921000000.0,82710052864.0,18021000000.0,20474000000.0,15426000000.0,,8.484645
POLYG,POLYG.ST,2025-12-31,reported_enterprise_value,118347456.0,-3159000.0,69277632.0,104671000.0,26753000.0,3319000.0,,1.155892
POSTI,POSTI.HE,2025-12-31,reported_enterprise_value,533969184.0,54400000.0,1035720000.0,285600000.0,421600000.0,551400000.0,,3.142466
PRCO-B,PRCO-B.ST,2025-12-31,reported_enterprise_value,187184720.0,5071000.0,224127024.0,77438000.0,40958000.0,30130000.0,,1.569672
PREC,PREC.ST,2025-12-31,reported_enterprise_value,89350440.0,-19658000.0,31757974.0,42493000.0,30958000.0,11947000.0,,21.875502
PRESRV,PRESRV.ST,2025-12-31,reported_enterprise_value,264195008.0,135734000.0,1161869952.0,137954000.0,1092968000.0,1520000000.0,,7.776209
PREV-B,PREV-B.ST,2025-12-31,reported_enterprise_value,717707328.0,108449000.0,1064089984.0,456502000.0,387801000.0,158843000.0,,1.673734
PRFO,PRFO.ST,2025-12-31,reported_enterprise_value,250400016.0,-12000000.0,425000000.0,296000000.0,174000000.0,70000000.0,,2.346939
PRIC-B,PRIC-B.ST,2025-12-31,reported_enterprise_value,643813184.0,41700000.0,640707520.0,1491300000.0,672700000.0,157900000.0,,2.886792
PRISMA,PRISMA.ST,2025-12-31,reported_enterprise_value,4077540864.0,627000000.0,9437648896.0,420000000.0,329000000.0,19000000.0,,7.33122
PRO,PRO.ST,2025-12-31,reported_enterprise_value,188923264.0,-6735000.0,165349792.0,42080000.0,16605000.0,10818000.0,,-0.0
PROF-B,PROF-B.ST,2025-12-31,reported_enterprise_value,932245632.0,153000000.0,1058272512.0,787400000.0,515400000.0,602700000.0,,0.869727
PTRK,PTRK.ST,2025-12-31,reported_enterprise_value,159680720.0,-6107558.0,162902480.0,1982202.0,4835319.0,52971.0,,-2.033855
PUBLI,PUBLI.ST,2025-12-31,reported_enterprise_value,15055065088.0,1088907729.651628,41996193792.0,1360677137.808379,1989315465.766924,267194165.595189,,24.097479
PUUILO,PUUILO.HE,2026-01-31,reported_enterprise_value,1394477568.0,75000000.0,1525516672.0,168000000.0,67200000.0,100000000.0,,1.682801
QAIR,QAIR.ST,2025-12-31,reported_enterprise_value,283810720.0,45959000.0,433820640.0,149991000.0,268587000.0,52403000.0,,2.290115
QBEN,QBEN.ST,2025-12-31,reported_enterprise_value,478965696.0,-221906000.0,753199744.0,1468520000.0,1625894000.0,133407000.0,,-21.090701
QBNK,QBNK.ST,2025-12-31,reported_enterprise_value,52168920.0,305000.0,38087920.0,31063000.0,32919000.0,0.0,,
QLINEA,QLINEA.ST,2025-12-31,reported_enterprise_value,322128768.0,-176174000.0,147981216.0,329854000.0,29795000.0,32722000.0,,-0.036302
QLIRO,QLIRO.ST,2025-12-31,reported_enterprise_value,537631936.0,-103000000.0,369468544.0,1450800000.0,2723800000.0,7800000.0,,-131.823232
QSYS,QSYS.ST,2025-12-31,reported_enterprise_value,539000000.0,52093000.0,514132000.0,164863000.0,53080000.0,28466000.0,,0.39968
QTCOM,QTCOM.HE,2025-12-31,reported_enterprise_value,885137664.0,41391000.0,934818560.0,133754000.0,91244000.0,10786000.0,,2.61845
RAIKV,RAIKV.HE,2025-12-31,reported_enterprise_value,357546208.0,31400000.0,305725056.0,155100000.0,34000000.0,82200000.0,,0.44226
RAIL,RAIL.ST,2025-12-31,reported_enterprise_value,740306624.0,74736000.0,1283298048.0,235575000.0,394734000.0,886363000.0,,2.998421
RAIVV,RAIVV.HE,2025-12-31,reported_enterprise_value,352849088.0,31400000.0,291484512.0,155100000.0,34000000.0,82200000.0,,0.44226
RAKE,RAKE.ST,2025-12-31,reported_enterprise_value,58113132.0,1560459.0,53628132.0,11122138.0,12708041.0,675642.0,,0.455537
RAMSH,RAMSH.ST,2025-12-31,reported_enterprise_value,96105152.0,11124000.0,42478152.0,58865000.0,1697000.0,0.0,,0.0
RATO-A,RATO-A.ST,2025-12-31,reported_enterprise_value,12019642368.0,245000000.0,20402532352.0,5901000000.0,4680000000.0,4454000000.0,,2.344194
RATO-B,RATO-B.ST,2025-12-31,reported_enterprise_value,11816586240.0,245000000.0,20350150656.0,5901000000.0,4680000000.0,4454000000.0,,2.344194
RAUTE,RAUTE.HE,2025-12-31,reported_enterprise_value,87337520.0,17834000.0,73491240.0,83181000.0,46186000.0,11568000.0,,0.099167
RAY-B,RAY-B.ST,2025-12-31,reported_enterprise_value,5454122496.0,295600000.0,6230900736.0,970700000.0,569900000.0,447400000.0,,0.672802
REAKTOR,REAKTOR.HE,2025-12-31,reported_enterprise_value,174641392.0,9869000.0,149995520.0,29374000.0,49241000.0,6256000.0,,0.463162
REDS,REDS.ST,2025-12-31,reported_enterprise_value,56405976.0,-7140000.0,51790976.0,23275000.0,4975000.0,266000.0,,-0.0
REG1V,REG1V.HE,2025-12-31,reported_enterprise_value,372505888.0,23215000.0,553000000.0,52827000.0,25782000.0,7186000.0,,0.396607
REJL-B,REJL-B.ST,2025-12-31,reported_enterprise_value,3119338752.0,271100000.0,4149335808.0,1407200000.0,1473200000.0,339300000.0,,1.375097
RELAIS,RELAIS.HE,2025-12-31,reported_enterprise_value,254265232.0,29157000.0,464766592.0,191075000.0,98486000.0,111597000.0,,4.213562
REMEDY,REMEDY.HE,2025-12-31,reported_enterprise_value,235658416.0,-14180000.0,220909520.0,44797000.0,13797000.0,5759000.0,,1.518959
ROKO-B,ROKO-B.ST,2025-12-31,reported_enterprise_value,27902607360.0,1076000000.0,30307119104.0,2365000000.0,2499000000.0,816000000.0,,0.956258
RROS,RROS.ST,2025-12-31,reported_enterprise_value,805007616.0,-540000000.0,1226327552.0,991000000.0,948000000.0,1458000000.0,,-1.611111
RUG,RUG.ST,2025-12-31,reported_enterprise_value,1369740800.0,81487000.0,1352264192.0,409002000.0,190255000.0,172807000.0,,1.185225
RUSTA,RUSTA.ST,2026-04-30,reported_enterprise_value,11020165120.0,963000000.0,15906993152.0,3415000000.0,2829000000.0,5655000000.0,,2.755071
RVRC,RVRC.ST,2026-06-30,reported_enterprise_value,5381474816.0,426000000.0,5116542976.0,903000000.0,410000000.0,20000000.0,,0.036613
SAAB-B,SAAB-B.ST,2025-12-31,reported_enterprise_value,332993101824.0,8589000000.0,331980668928.0,82578000000.0,63744000000.0,21646000000.0,,1.261925
SAFETY-B,SAFETY-B.ST,2025-12-31,reported_enterprise_value,422629408.0,32332000.0,433969248.0,238123000.0,235580000.0,16986000.0,,1.023491
SAGA-A,SAGA-A.ST,2025-12-31,reported_enterprise_value,77174595584.0,5500000000.0,119684595712.0,2397000000.0,8912000000.0,601000000.0,,7.132545
SAGA-B,SAGA-B.ST,2025-12-31,reported_enterprise_value,77026181120.0,5500000000.0,119486709760.0,2397000000.0,8912000000.0,601000000.0,,7.132545
SAGA-D,SAGA-D.ST,2025-12-31,reported_enterprise_value,15311241216.0,5500000000.0,57845977088.0,2397000000.0,8912000000.0,601000000.0,,7.132545
SAGCV,SAGCV.HE,2025-10-31,reported_enterprise_value,57474820.0,4748000.0,16058974.0,94970000.0,27251000.0,15387000.0,,1.461623
SALIX,SALIX.ST,2025-12-31,reported_enterprise_value,4873007104.0,340000000.0,6807707136.0,1645000000.0,1965000000.0,284000000.0,,2.649798
SALT-B,SALT-B.ST,2025-12-31,reported_enterprise_value,1060065664.0,-62082000.0,1021332608.0,46640000.0,35663000.0,52443000.0,,-0.032711
SAND,SAND.ST,2025-12-31,reported_enterprise_value,453585960960.0,21282000000.0,493664731136.0,69898000000.0,36113000000.0,27747000000.0,,1.29362
SANION,SANION.ST,2025-12-31,reported_enterprise_value,1311976320.0,307730000.0,838085120.0,600940000.0,44583000.0,71394000.0,,0.0
SANOMA,SANOMA.HE,2025-12-31,reported_enterprise_value,1608424576.0,48900000.0,2352431104.0,198300000.0,471100000.0,108200000.0,,1.975
SAXG,SAXG.ST,2025-12-31,reported_enterprise_value,62919776.0,8204000.0,62647664.0,100472000.0,66934000.0,8359000.0,,1.126757
SBB-B,SBB-B.ST,2025-12-31,reported_enterprise_value,5028308480.0,4002000000.0,47802040320.0,6089000000.0,8885000000.0,71000000.0,,10.058105
SBB-D,SBB-D.ST,2025-12-31,reported_enterprise_value,12502487040.0,4002000000.0,55475068928.0,6089000000.0,8885000000.0,71000000.0,,10.058105
SBI,SBI.HE,2025-12-31,reported_enterprise_value,73633272.0,223392.62,156889424.0,6878588.33,68698544.53,94830684.36,,18.818503
SBOK-B,SBOK-B.ST,2025-12-31,reported_enterprise_value,346712192.0,46049003.0,289048224.0,209064973.0,86186559.0,191093906.0,,1.44695
SCA-A,SCA-A.ST,2025-12-31,reported_enterprise_value,83227582464.0,4481000000.0,98976759808.0,11451000000.0,7844000000.0,66930000000.0,,2.047633
SCA-B,SCA-B.ST,2025-12-31,reported_enterprise_value,83262701568.0,4481000000.0,99398164480.0,11451000000.0,7844000000.0,66930000000.0,,2.047633
SCANFL,SCANFL.HE,2025-12-31,reported_enterprise_value,860245504.0,53818000.0,993657792.0,432163000.0,220225000.0,96628000.0,,1.109101
SCIB,SCIB.ST,2025-12-31,reported_enterprise_value,159699792.0,-86676000.0,137900704.0,47936000.0,24973000.0,4233000.0,,-0.277649
SCST,SCST.ST,2025-12-31,reported_enterprise_value,10939785216.0,558000000.0,13046982656.0,2553000000.0,2471000000.0,2999000000.0,,2.285149
SDIP-B,SDIP-B.ST,2025-12-31,reported_enterprise_value,9756328960.0,406000000.0,13291329536.0,2759000000.0,1319000000.0,913000000.0,,2.841396
SEAF,SEAF.ST,2025-12-31,reported_enterprise_value,559425152.0,-2000000.0,758930240.0,350000000.0,285000000.0,149000000.0,,4.054545
SECARE,SECARE.ST,2025-12-31,reported_enterprise_value,3444572672.0,141000000.0,5128564736.0,1103000000.0,418000000.0,609600000.0,,4.003764
SECT-B,SECT-B.ST,2026-04-30,reported_enterprise_value,57183707136.0,736466000.0,54288822272.0,3559729000.0,2211347000.0,360565000.0,,0.089737
SECU-B,SECU-B.ST,2025-12-31,reported_enterprise_value,88385126400.0,9303000000.0,121846136832.0,40112000000.0,29616000000.0,8032000000.0,,2.927555
SEDANA,SEDANA.ST,2025-12-31,reported_enterprise_value,958601600.0,-55810000.0,922077632.0,173750000.0,51733000.0,9763000.0,,-0.139088
SENZA,SENZA.ST,2025-12-31,reported_enterprise_value,146936384.0,-11013000.0,128571456.0,52428000.0,23245000.0,17156000.0,,-2.268149
SERT,SERT.ST,2025-12-31,reported_enterprise_value,131737264.0,-28714000.0,147235392.0,25192000.0,8448000.0,680000.0,,-0.0
SES,SES.ST,2025-12-31,reported_enterprise_value,92681744.0,-364757000.0,83108520.0,94639000.0,52495000.0,74614000.0,,-0.010301
SEYE,SEYE.ST,2025-12-31,reported_enterprise_value,1971697536.0,-163270000.0,2271689728.0,351215000.0,173900000.0,22006000.0,,60.606019
SEZI,SEZI.ST,2025-12-31,reported_enterprise_value,425266656.0,-138037000.0,402450016.0,129154000.0,35075000.0,18313000.0,,-0.122379
SF,SF.ST,2025-12-31,reported_enterprise_value,3754256128.0,-1986000000.0,7189981184.0,1345000000.0,1422000000.0,143000000.0,,2.580463
SFAST,SFAST.ST,2025-12-31,reported_enterprise_value,3659275520.0,903845000.0,11745154048.0,725138000.0,1478543000.0,200780000.0,,9.044918
SFL,SFL.ST,2025-12-31,reported_enterprise_value,77708480.0,-15845000.0,71778848.0,25362000.0,9187000.0,251000.0,,-0.0
SFOODS,SFOODS.HE,2025-12-31,reported_enterprise_value,147541472.0,-10400021.0,134965632.0,15455840.0,6031969.0,9133279.0,,-17.966394
SFTR,SFTR.ST,2025-12-31,reported_enterprise_value,155586000.0,217000.0,115713056.0,36627000.0,27729000.0,0.0,,0.0
SGG,SGG.ST,2025-12-31,reported_enterprise_value,509641888.0,29736000.0,751150016.0,500926000.0,162699000.0,184501000.0,,4.540832
SHOT,SHOT.ST,2025-12-31,reported_enterprise_value,19641122816.0,2652000000.0,64206880768.0,2115000000.0,6560000000.0,42961000000.0,,6.720367
SIBEK,SIBEK.ST,2026-04-30,reported_enterprise_value,544215104.0,31214000.0,509217408.0,87858000.0,28742000.0,2439874.0,,
SILEX,SILEX.ST,2025-12-31,reported_enterprise_value,19533699072.0,361000000.0,18038484992.0,915000000.0,415000000.0,1309000000.0,,0.755144
SIMRIS-B,SIMRIS-B.ST,2025-12-31,reported_enterprise_value,164674784.0,-28482000.0,140490256.0,16473000.0,25001000.0,11355000.0,,-0.176914
SIN,SIN.ST,2025-12-31,reported_enterprise_value,103929952.0,-1469947.0,105505232.0,45546434.0,49216780.0,6322128.0,,1.364401
SINCH,SINCH.ST,2025-12-31,reported_enterprise_value,32769413120.0,818000000.0,39410110464.0,6020000000.0,7767000000.0,1459000000.0,,2.192003
SINT,SINT.ST,2025-12-31,reported_enterprise_value,707752064.0,33000000.0,713215488.0,45100000.0,9600000.0,6200000.0,,0.02459
SITOWS,SITOWS.HE,2025-12-31,reported_enterprise_value,82803480.0,-37339000.0,153847856.0,71526000.0,65503000.0,26411000.0,,-3.775156
SIVE,SIVE.ST,2025-12-31,reported_enterprise_value,10802209792.0,-211477000.0,10095145984.0,231519000.0,252241000.0,74893000.0,,-0.879747
SIVI,SIVI.ST,2025-12-31,reported_enterprise_value,1606120064.0,73278000.0,716729280.0,1018125000.0,103094000.0,213990000.0,,0.805882
SKA-B,SKA-B.ST,2025-12-31,reported_enterprise_value,108985966592.0,7635000000.0,114935275520.0,125482000000.0,81277000000.0,11840000000.0,,1.394778
SKF-A,SKF-A.ST,2025-12-31,reported_enterprise_value,125221543936.0,7327000000.0,136336572416.0,54536000000.0,25757000000.0,30685000000.0,,1.253786
SKF-B,SKF-B.ST,2025-12-31,reported_enterprise_value,125084942336.0,7327000000.0,135926751232.0,54536000000.0,25757000000.0,30685000000.0,,1.253786
SKIS-B,SKIS-B.ST,2025-08-31,reported_enterprise_value,12837998592.0,784645000.0,16442236928.0,810786000.0,1341285000.0,6806150000.0,,2.77806
SKMO,SKMO.ST,2025-12-31,reported_enterprise_value,627000000.0,10569000.0,572300032.0,137053000.0,17854000.0,40902000.0,,
SKOLON,SKOLON.ST,2025-12-31,reported_enterprise_value,568041600.0,-5869343.0,541290816.0,79799712.0,92526693.0,204556.0,,
SLEEP,SLEEP.ST,2025-12-31,reported_enterprise_value,412648448.0,67535000.0,330523072.0,176027000.0,124116000.0,8328000.0,,0.100225
SLOTT-B,SLOTT-B.ST,2025-12-31,reported_enterprise_value,51600000.0,5927000.0,107262000.0,5334000.0,11160000.0,83913000.0,,7.16891
SLP-B,SLP-B.ST,2025-12-31,reported_enterprise_value,8957210624.0,1254000000.0,18718420992.0,682000000.0,1668000000.0,146000000.0,,7.611465
SMCRT,SMCRT.ST,2025-12-31,reported_enterprise_value,2321119744.0,91891916.751937,2196316416.0,234759356.027768,250915452.561154,28710562.12231,,0.155
SMOL,SMOL.ST,2025-12-31,reported_enterprise_value,318089184.0,-33129438.0,257124464.0,10071305.0,7731861.0,16215075.0,,-0.802355
SNM-SDB,SNM-SDB.ST,2025-12-31,reported_enterprise_value,4446756864.0,50665000.0,4580042752.0,104585000.0,22044000.0,325161000.0,,1.447642
SNX,SNX.ST,2025-12-31,reported_enterprise_value,429812224.0,33581000.0,464687744.0,117036000.0,99528000.0,58448000.0,,0.892358
SOBI,SOBI.ST,2025-12-31,reported_enterprise_value,148458733568.0,836000000.0,165080956928.0,14528000000.0,16069000000.0,1631000000.0,,1.0515
SODER,SODER.ST,2025-12-31,reported_enterprise_value,132130336.0,11200000.0,103830328.0,107500000.0,37300000.0,2500000.0,,
SOF-B,SOF-B.ST,2025-12-31,reported_enterprise_value,1173711488.0,85077000.0,1155853312.0,319499000.0,170903000.0,24827000.0,,0.108807
SOLIDX,SOLIDX.ST,2026-04-30,reported_enterprise_value,66508420.0,1276000.0,65734416.0,30490000.0,31053000.0,8089411.0,,1.866904
SOLNA,SOLNA.ST,2025-12-31,reported_enterprise_value,439920000.0,81125000.0,948940992.0,42796000.0,37946000.0,730382304.0,,7.006398
SOLT,SOLT.ST,2025-12-31,reported_enterprise_value,102021728.0,-464606000.0,358929952.0,780901000.0,936722000.0,405911000.0,,-3.499407
SOSI1,SOSI1.HE,2025-12-31,market_cap_plus_net_debt,136866848.0,-2100000.0,304986848.0,103200000.0,177700000.0,502100000.0,,2.638897
SPACEN-B,SPACEN-B.ST,2025-12-31,reported_enterprise_value,242138864.0,22806000.0,231322096.0,113409000.0,51458000.0,14293000.0,,0.379095
SPAGO,SPAGO.ST,2025-12-31,reported_enterprise_value,79039632.0,-26554000.0,46531632.0,35937000.0,5166000.0,134000.0,,
SPEONE,SPEONE.ST,2025-12-31,reported_enterprise_value,56541152.0,-73945000.0,63131928.0,6154000.0,41399000.0,53000.0,,-6.913701
SPGR,SPGR.ST,2025-12-31,reported_enterprise_value,193280192.0,8692000.0,204501184.0,76026000.0,34082000.0,17295000.0,,0.992493
SPRINT,SPRINT.ST,2025-12-31,reported_enterprise_value,367194080.0,92160000.0,279207840.0,132869000.0,17484000.0,3737000.0,,0.0
SRV1V,SRV1V.HE,2025-12-31,reported_enterprise_value,164776096.0,25204000.0,213027776.0,437072000.0,166090000.0,13522000.0,,5.197923
SSAB-A,SSAB-A.ST,2025-12-31,reported_enterprise_value,101156691968.0,6826000000.0,91347468288.0,64001000000.0,25758000000.0,38421000000.0,,1.041403
SSABAH,SSABAH.HE,2025-12-31,market_cap_plus_net_debt,8987497472.0,6826000000.0,-2434502528.0,64001000000.0,25758000000.0,38421000000.0,,1.041403
SSABBH,SSABBH.HE,2025-12-31,market_cap_plus_net_debt,9041314816.0,6826000000.0,-2380685184.0,64001000000.0,25758000000.0,38421000000.0,,1.041403
SSH1V,SSH1V.HE,2025-12-31,reported_enterprise_value,110040536.0,-2432535.0,109611272.0,29644217.0,15785530.0,1052966.0,,-0.535366
STAR-A,STAR-A.ST,2025-12-31,reported_enterprise_value,205491440.0,-400534000.0,187138224.0,153521000.0,55882000.0,45268000.0,,1.373587
STAR-B,STAR-B.ST,2025-12-31,reported_enterprise_value,166017600.0,-400534000.0,145552592.0,153521000.0,55882000.0,45268000.0,,1.373587
STE-A,STE-A.ST,2025-12-31,reported_enterprise_value,89844383744.0,985000000.0,91246747648.0,3979000000.0,3277000000.0,7123000000.0,,3.046353
STE-R,STE-R.ST,2025-12-31,reported_enterprise_value,91300020224.0,985000000.0,91877646336.0,3979000000.0,3277000000.0,7123000000.0,,3.046353
STEAV,STEAV.HE,2025-12-31,reported_enterprise_value,7870427136.0,985000000.0,10413199360.0,3979000000.0,3277000000.0,7123000000.0,,3.046353
STEF-B,STEF-B.ST,2025-12-31,reported_enterprise_value,5072732160.0,677000000.0,15431489536.0,430000000.0,703000000.0,327000000.0,,13.685377
STERV,STERV.HE,2025-12-31,reported_enterprise_value,7837304832.0,985000000.0,10432915456.0,3979000000.0,3277000000.0,7123000000.0,,3.046353
STIL,STIL.ST,2025-12-31,reported_enterprise_value,2214912768.0,79580000.0,2092510080.0,407622000.0,115818000.0,92600000.0,,1.063547
STOR-B,STOR-B.ST,2025-12-31,reported_enterprise_value,18314971136.0,2354000000.0,28344039424.0,12884000000.0,8683000000.0,5102000000.0,,2.641657
STORY-B,STORY-B.ST,2025-12-31,reported_enterprise_value,8981227520.0,388886000.0,9204798464.0,1317189000.0,1486215000.0,145096000.0,,0.952279
STRD-B,STRD-B.ST,2024-08-31,reported_enterprise_value,77498360.0,-433965.0,80494448.0,3074221.0,2500755.0,4065294.0,,-12.105452
STUDBO,STUDBO.ST,2025-12-31,reported_enterprise_value,856846400.0,499764000.0,6375878656.0,158731000.0,2225214000.0,37456000.0,,11.155387
STW,STW.ST,2025-12-31,reported_enterprise_value,175016176.0,-30699812.0,108826168.0,88459622.0,76199973.0,121322.0,,
STWK,STWK.ST,2025-12-31,reported_enterprise_value,108165632.0,33400000.0,544799552.0,247000000.0,193000000.0,98100000.0,,5.453349
SUMMAS,SUMMAS.ST,2025-12-31,reported_enterprise_value,65498388.0,-21688113.42,149697920.0,29854685.61,43295922.99,14676880.89,,-1.568576
SUS,SUS.ST,2025-12-31,reported_enterprise_value,2592132864.0,106420000.0,1898330112.0,1184686000.0,292763000.0,106346000.0,,0.297153
SUSG,SUSG.ST,2025-12-31,reported_enterprise_value,426999744.0,38470000.0,555826048.0,206264000.0,186808000.0,53614000.0,,1.917856
SUY1V,SUY1V.HE,2025-12-31,reported_enterprise_value,77738240.0,-9522000.0,163385840.0,118112000.0,64839000.0,133460000.0,,14.227894
SVEAF-B,SVEAF-B.ST,2025-12-31,reported_enterprise_value,6206650368.0,498000000.0,19764000768.0,779000000.0,1564000000.0,2000000.0,,26.14257
SVED-B,SVED-B.ST,2025-12-31,reported_enterprise_value,2911474176.0,321192000.0,4037568512.0,1042992000.0,566959000.0,856315000.0,,2.328518
SVIK,SVIK.ST,2025-12-31,reported_enterprise_value,1739634304.0,66066000.0,1906111616.0,303650000.0,350653000.0,292336000.0,,1.136256
SWEC-A,SWEC-A.ST,2025-12-31,reported_enterprise_value,46238818304.0,3222000000.0,52555194368.0,13187000000.0,12052000000.0,4368000000.0,,1.397278
SWEC-B,SWEC-B.ST,2025-12-31,reported_enterprise_value,46238818304.0,3222000000.0,52410699776.0,13187000000.0,12052000000.0,4368000000.0,,1.397278
SYNACT,SYNACT.ST,2025-12-31,reported_enterprise_value,969890048.0,-118088000.0,983470208.0,71348000.0,24093000.0,1214000.0,,-0.01031
SYNSAM,SYNSAM.ST,2025-12-31,reported_enterprise_value,7316613632.0,771000000.0,10421965824.0,1956000000.0,1812000000.0,1586000000.0,,2.225907
SYNT,SYNT.ST,2025-12-31,reported_enterprise_value,55207192.0,-54549000.0,2451682048.0,56931000.0,27190000.0,2902000.0,,-0.078136
SYSR,SYSR.ST,2026-04-30,reported_enterprise_value,17826435072.0,1114900000.0,18768168960.0,5464700000.0,2672500000.0,2898400000.0,,0.820698
TAALA,TAALA.HE,2025-12-31,reported_enterprise_value,210422400.0,26707000.0,198972560.0,61272000.0,22935000.0,1363000.0,,0.040997
TAGM-B,TAGM-B.ST,2025-12-31,reported_enterprise_value,404271712.0,37029000.0,434920480.0,207754000.0,137592000.0,25528000.0,,1.188554
TALK,TALK.ST,2025-12-31,reported_enterprise_value,125889208.0,1508643.0,125675808.0,4985285.0,3576772.0,751950.0,,0.71314
TALLINK,TALLINK.HE,2025-12-31,reported_enterprise_value,485212896.0,50792000.0,891430784.0,105897000.0,211921000.0,1182216000.0,,3.415539
TEL2-A,TEL2-A.ST,2025-12-31,reported_enterprise_value,113396432896.0,6663000000.0,140723568640.0,7514000000.0,13188000000.0,14383000000.0,,2.246576
TEL2-B,TEL2-B.ST,2025-12-31,reported_enterprise_value,111489155072.0,6663000000.0,138882940928.0,7514000000.0,13188000000.0,14383000000.0,,2.246576
TELIA,TELIA.ST,2025-12-31,reported_enterprise_value,174074478592.0,10914000000.0,257334198272.0,30855000000.0,33630000000.0,84394000000.0,,2.527763
TELIA1,TELIA1.HE,2025-12-31,market_cap_plus_net_debt,15594711040.0,10914000000.0,87149711040.0,30855000000.0,33630000000.0,84394000000.0,,2.527763
TELLUS,TELLUS.ST,2025-12-31,reported_enterprise_value,119014928.0,10512000.0,431997920.0,34552000.0,76302000.0,8944000.0,,0.831071
TEM1V,TEM1V.HE,2025-12-31,reported_enterprise_value,136991392.0,16402000.0,123369120.0,99853000.0,20021000.0,0.0,,1.259941
TENEO,TENEO.ST,2025-12-31,reported_enterprise_value,101506488.0,-57948000.0,329260064.0,32252000.0,312989000.0,473000.0,,-6.862574
TEQ,TEQ.ST,2025-12-31,reported_enterprise_value,3045204992.0,167900000.0,3587672064.0,794800000.0,394600000.0,205400000.0,,2.052363
TERNOR,TERNOR.ST,2025-12-31,reported_enterprise_value,784000000.0,15680000.0,1354414976.0,760530000.0,820444000.0,498992000.0,,2.544244
THULE,THULE.ST,2025-12-31,reported_enterprise_value,20780412928.0,1702000000.0,24957468672.0,3202000000.0,1503000000.0,2405000000.0,,2.0837
TIETO,TIETO.HE,2025-12-31,reported_enterprise_value,1999784576.0,76000000.0,2449988352.0,582300000.0,438400000.0,81300000.0,,1.869404
TIETOS,TIETOS.ST,2025-12-31,reported_enterprise_value,22531856384.0,76000000.0,24396881920.0,582300000.0,438400000.0,81300000.0,,1.869404
TINGS-A,TINGS-A.ST,2025-12-31,reported_enterprise_value,907757568.0,241390000.0,2897862656.0,230617000.0,342605000.0,734000.0,,8.255619
TINGS-B,TINGS-B.ST,2025-12-31,reported_enterprise_value,647650048.0,241390000.0,2637755136.0,230617000.0,342605000.0,734000.0,,8.255619
TITA-B,TITA-B.ST,2025-12-31,reported_enterprise_value,596138368.0,734968000.0,4316781568.0,510804000.0,1228911000.0,10815000.0,,4.375114
TITAN,TITAN.HE,2025-12-31,reported_enterprise_value,59688020.0,6854477.76,48139548.0,15573864.68,2071446.72,846965.41,,0.10057
TLT1V,TLT1V.HE,2025-12-31,reported_enterprise_value,62693740.0,5088000.0,86371000.0,68020000.0,43012000.0,10127000.0,,2.855123
TNOM,TNOM.HE,2025-12-31,reported_enterprise_value,52222036.0,6113000.0,128682464.0,58222000.0,28892000.0,17537000.0,,3.010898
TOBII,TOBII.ST,2025-12-31,reported_enterprise_value,258985376.0,-164000000.0,777565760.0,282000000.0,247000000.0,96000000.0,,1.92283
TOIVO,TOIVO.HE,2025-12-31,reported_enterprise_value,51862592.0,8145000.0,129689800.0,54312000.0,26219000.0,243000.0,,8.285437
TOKMAN,TOKMAN.HE,2025-12-31,reported_enterprise_value,389147584.0,85627000.0,1294172416.0,534050000.0,384851000.0,696853000.0,,4.377707
TRAIN-B,TRAIN-B.ST,2025-12-31,reported_enterprise_value,330892416.0,-73501000.0,947394816.0,608741000.0,226210000.0,1015556000.0,,-12.689154
TRAN-A,TRAN-A.ST,2025-12-31,market_cap_plus_net_debt,141905888.0,23024000.0,158172888.0,17306000.0,12874000.0,5672000.0,,0.699879
TRAN-B,TRAN-B.ST,2025-12-31,market_cap_plus_net_debt,134690320.0,23024000.0,150957320.0,17306000.0,12874000.0,5672000.0,,0.699879
TRANS,TRANS.ST,2025-12-31,reported_enterprise_value,265760288.0,-86987000.0,773827008.0,622822000.0,556164000.0,250190000.0,,3.482825
TREL-B,TREL-B.ST,2025-12-31,reported_enterprise_value,98914852864.0,5211000000.0,109556662272.0,15431000000.0,11315000000.0,10456000000.0,,1.25107
TRIAN-B,TRIAN-B.ST,2025-12-31,reported_enterprise_value,2913119488.0,643800000.0,10507276288.0,247400000.0,3425600000.0,189300000.0,,10.970588
TRIBO-B,TRIBO-B.ST,2025-12-31,reported_enterprise_value,80694416.0,1542000.0,89026568.0,55635000.0,27054000.0,6637000.0,,1.888277
TROAX,TROAX.ST,2025-12-31,reported_enterprise_value,9012707328.0,20990000.0,9173968896.0,141852000.0,50800000.0,105508000.0,,3.815831
TRUE-B,TRUE-B.ST,2025-12-31,reported_enterprise_value,7012323328.0,553233000.0,6661073920.0,1381120000.0,284335000.0,67799000.0,,0.109789
TSEC,TSEC.ST,2025-12-31,reported_enterprise_value,107980560.0,-10246000.0,138668272.0,125582000.0,197249000.0,34128000.0,,28.996824
TTALO,TTALO.HE,2025-12-31,reported_enterprise_value,942194304.0,136800000.0,1498290048.0,217800000.0,324200000.0,285400000.0,,2.495917
TURA,TURA.ST,2025-12-31,reported_enterprise_value,221538464.0,18627000.0,355890464.0,562578000.0,316817000.0,16326000.0,,5.065816
TYRES,TYRES.HE,2025-12-31,reported_enterprise_value,2060643584.0,21700000.0,2950224640.0,880100000.0,423700000.0,1256800000.0,,4.947529
UPM,UPM.HE,2025-12-31,reported_enterprise_value,12956351488.0,794000000.0,16845002752.0,4194000000.0,2234000000.0,7237000000.0,,2.650576
UPSALE,UPSALE.ST,2025-12-31,reported_enterprise_value,481577568.0,28709000.0,453258368.0,68652000.0,88851000.0,9068000.0,,0.07112
USWE,USWE.ST,2026-03-31,reported_enterprise_value,50312524.0,-3150000.0,57513524.0,59577000.0,38011000.0,1922000.0,,0.348083
UTG,UTG.ST,2025-12-31,reported_enterprise_value,238724464.0,35414000.0,257829600.0,221422000.0,265582000.0,49551000.0,,1.176169
VAIAS,VAIAS.HE,2025-12-31,reported_enterprise_value,2202396928.0,81300000.0,2246361856.0,301400000.0,151700000.0,129900000.0,,0.981651
VALMT,VALMT.HE,2025-12-31,reported_enterprise_value,5062701056.0,454000000.0,6044486656.0,2852000000.0,2334000000.0,740000000.0,,2.205128
VBG-B,VBG-B.ST,2025-12-31,reported_enterprise_value,7826267136.0,821705000.0,8709940224.0,3044129000.0,669193000.0,1405260000.0,,1.750354
VEFAB,VEFAB.ST,2025-12-31,reported_enterprise_value,1872878720.0,89391000.0,1846584704.0,10885000.0,26273000.0,0.0,,0.0
VER,VER.ST,2025-12-31,reported_enterprise_value,2325353984.0,75429000.0,2808435712.0,231668000.0,303440000.0,12966000.0,,4.100497
VERK,VERK.HE,2025-12-31,reported_enterprise_value,164630960.0,17130000.0,180323296.0,136824000.0,98523000.0,27293000.0,,1.718575
VERT-B,VERT-B.ST,2025-12-31,reported_enterprise_value,2105016064.0,20821000.0,2442123264.0,186639000.0,249800000.0,53973000.0,,3.770653
VETT,VETT.ST,2025-12-31,reported_enterprise_value,307383744.0,4398000.0,356175968.0,39843000.0,41584000.0,1093000.0,,0.0
VIAFIN,VIAFIN.HE,2025-12-31,reported_enterprise_value,69928784.0,6295000.0,65782400.0,27920000.0,21033000.0,4618000.0,,0.324594
VICO,VICO.ST,2025-12-31,reported_enterprise_value,2599578624.0,-477414000.0,1718175488.0,1216924000.0,118434000.0,0.0,,
VIK1V,VIK1V.HE,2025-12-31,reported_enterprise_value,347328000.0,25500000.0,382500000.0,94100000.0,110500000.0,424500000.0,,2.153169
VIMAB,VIMAB.ST,2025-12-31,reported_enterprise_value,137454112.0,-79669000.0,225960912.0,135346000.0,209925000.0,33051000.0,,-0.911104
VIMIAN,VIMIAN.ST,2025-12-31,reported_enterprise_value,18456338432.0,66600000.0,256368528.0,213500000.0,109400000.0,46500000.0,,2.284211
VISC,VISC.ST,2025-12-31,reported_enterprise_value,7940857344.0,-59200000.0,4555796480.0,1469000000.0,840600000.0,2623400000.0,,-0.460784
VIT-B,VIT-B.ST,2025-12-31,reported_enterprise_value,10765558784.0,673016000.0,14031190016.0,1144842000.0,1495943000.0,233100000.0,,2.046937
VITR,VITR.ST,2025-12-31,reported_enterprise_value,12318920704.0,-4817000000.0,13211796480.0,2092000000.0,615000000.0,515000000.0,,-0.365604
VIVE,VIVE.ST,2025-12-31,reported_enterprise_value,89124520.0,-33824000.0,68821216.0,5496000.0,24462000.0,0.0,,-0.405857
VO2,VO2.ST,2025-12-31,reported_enterprise_value,115963776.0,-16091000.0,137358768.0,72374000.0,95763000.0,14027000.0,,0.731359
VOLCAR-B,VOLCAR-B.ST,2025-12-31,reported_enterprise_value,41327452160.0,1502000000.0,46523318272.0,157801000000.0,151254000000.0,99391000000.0,,1.420403
VOLO,VOLO.ST,2025-12-31,reported_enterprise_value,2243364608.0,564000000.0,3374876416.0,3568000000.0,1755000000.0,1060000000.0,,3.264588
VOLO-PREF,VOLO-PREF.ST,2025-12-31,reported_enterprise_value,50388434944.0,564000000.0,50717073408.0,3568000000.0,1755000000.0,1060000000.0,,3.264588
VOLV-A,VOLV-A.ST,2025-12-31,reported_enterprise_value,635657125888.0,49223000000.0,854352068608.0,305570000000.0,265914000000.0,124311000000.0,,3.467654
VOLV-B,VOLV-B.ST,2025-12-31,reported_enterprise_value,635860484096.0,49223000000.0,853538701312.0,305570000000.0,265914000000.0,124311000000.0,,3.467654
VPAB-B,VPAB-B.ST,2025-12-31,reported_enterprise_value,1346143872.0,73360369.0,1280590976.0,164510407.0,89528956.0,472887.0,,
VPLAY-A,VPLAY-A.ST,2025-12-31,reported_enterprise_value,10511204352.0,-591000000.0,16425273344.0,11966000000.0,9105000000.0,331000000.0,,-19.193182
VPLAY-B,VPLAY-B.ST,2025-12-31,reported_enterprise_value,5232948736.0,-591000000.0,10757378048.0,11966000000.0,9105000000.0,331000000.0,,-19.193182
VSSAB-B,VSSAB-B.ST,2025-12-31,reported_enterprise_value,2243677952.0,133297000.0,3703257856.0,340157000.0,254321000.0,2616711000.0,,3.372013
VSURE,VSURE.ST,2025-12-31,reported_enterprise_value,8480558080.0,190400000.0,13551558656.0,940600000.0,1337400000.0,1907000000.0,,4.190225
VUXEN,VUXEN.ST,2026-04-30,reported_enterprise_value,320320000.0,15859000.0,277900000.0,85781000.0,26024000.0,20385000.0,,0.310262
W5,W5.ST,2025-12-31,reported_enterprise_value,479202176.0,40004000.0,771645376.0,323967000.0,166919000.0,51451000.0,,0.938526
WALL-B,WALL-B.ST,2025-12-31,reported_enterprise_value,22283966464.0,3510000000.0,57925881856.0,396000000.0,31002000000.0,833000000.0,,9.399723
WAYS,WAYS.ST,2025-12-31,reported_enterprise_value,350767008.0,14342000.0,330095488.0,106390000.0,64548000.0,118000.0,,4.4e-05
WBGR-B,WBGR-B.ST,2025-12-31,reported_enterprise_value,395973856.0,-510000000.0,411973888.0,1186000000.0,1039000000.0,110000000.0,,-0.625263
WEG,WEG.ST,2025-12-31,reported_enterprise_value,77555328.0,-11701000.0,8291000.0,6958000.0,5135000.0,654000.0,,-0.130107
WIHL,WIHL.ST,2025-12-31,reported_enterprise_value,21074116608.0,3992000000.0,56247865344.0,562000000.0,4127000000.0,169000000.0,,8.369489
WISE,WISE.ST,2025-12-31,reported_enterprise_value,101993872.0,-13277000.0,109660320.0,98549000.0,100116000.0,45430000.0,,13.707094
WPAY,WPAY.ST,2025-12-31,reported_enterprise_value,99785696.0,6773000.0,110642920.0,18060000.0,22484000.0,4376000.0,,0.86054
WPTG-B,WPTG-B.ST,2025-12-31,reported_enterprise_value,404383296.0,90265292.0,446608800.0,188681209.0,27832634.0,1741572.0,,0.745614
WRT1V,WRT1V.HE,2025-12-31,reported_enterprise_value,17515417600.0,892000000.0,15642182656.0,6027000000.0,4606000000.0,557000000.0,,0.551136
WRV,WRV.ST,2025-12-31,reported_enterprise_value,60843564.0,15682000.0,56102408.0,6249000.0,776000.0,169000.0,,0.0
WSG,WSG.ST,2025-12-31,reported_enterprise_value,1817319296.0,103198000.0,2134221952.0,1290335000.0,935074000.0,242815000.0,,1.240392
WTG,WTG.ST,2025-12-31,reported_enterprise_value,63846212.0,4175000.0,56992112.0,70995000.0,18703000.0,355000.0,,1.070265
WTW-A,WTW-A.ST,2025-12-31,reported_enterprise_value,427875232.0,-254800000.0,666008832.0,231400000.0,200600000.0,161700000.0,,-1.784658
XANO-B,XANO-B.ST,2025-12-31,reported_enterprise_value,2941806080.0,352000000.0,4707116544.0,1578000000.0,926000000.0,829000000.0,,3.256543
XBRANE,XBRANE.ST,2025-12-31,reported_enterprise_value,247264176.0,-31895000.0,228512624.0,375129000.0,52663000.0,36000.0,,-5.422991
XINT,XINT.ST,2025-12-31,reported_enterprise_value,146415360.0,-46671000.0,171461056.0,28705000.0,34299000.0,319000.0,,-0.434169
XPC,XPC.ST,2025-12-31,reported_enterprise_value,53846932.0,-10556214.0,46021884.0,17506947.0,1128217.0,481771.0,,
XSPRAY,XSPRAY.ST,2025-12-31,reported_enterprise_value,507357344.0,-154695000.0,562948160.0,182896000.0,21663000.0,70987000.0,,-0.995145
XVIVO,XVIVO.ST,2025-12-31,reported_enterprise_value,6747186176.0,42039000.0,6544940544.0,688210000.0,119377000.0,213883000.0,,1.11113
YIELD,YIELD.ST,2025-12-31,reported_enterprise_value,86501880.0,-19005000.0,273007168.0,288544000.0,265767000.0,6578000.0,,8.7015
YIT,YIT.HE,2025-12-31,reported_enterprise_value,1002472064.0,50000000.0,1680240128.0,1634000000.0,874000000.0,57000000.0,,11.072464
YUBICO,YUBICO.ST,2025-12-31,reported_enterprise_value,10095382528.0,169200000.0,8875098112.0,2009100000.0,520900000.0,73300000.0,,0.191458
ZENA-SDR,ZENA-SDR.ST,2026-03-31,market_cap_plus_net_debt,312878016.0,-22208000.0,364278016.0,26414000.0,31969000.0,131947000.0,,-2.444118
ZZ-B,ZZ-B.ST,2025-12-31,reported_enterprise_value,5177073664.0,422518000.0,4336458240.0,1306155000.0,935760000.0,55552000.0,,0.11399
